ISO-10303-21;
HEADER;
/* Generated by software containing ST-Developer
 * from STEP Tools, Inc. (www.steptools.com) 
 */

FILE_DESCRIPTION(
/* description */ (''),
/* implementation_level */ '2;1');

FILE_NAME(
/* name */ 'Mothbox_pro_TargetLid_inner.step',
/* time_stamp */ '2026-08-31T18:06:26-07:00',
/* author */ (''),
/* organization */ (''),
/* preprocessor_version */ 'ST-DEVELOPER v20.1',
/* originating_system */ 'Autodesk Translation Framework v15.8.0.0',
/* authorisation */ '');

FILE_SCHEMA (('AUTOMOTIVE_DESIGN { 1 0 10303 214 3 1 1 }'));
ENDSEC;

DATA;
#10=MECHANICAL_DESIGN_GEOMETRIC_PRESENTATION_REPRESENTATION('',(#13,#14,
#15),#4850);
#11=SHAPE_REPRESENTATION_RELATIONSHIP('SRR','None',#4857,#12);
#12=ADVANCED_BREP_SHAPE_REPRESENTATION('',(#16,#17,#18),#4849);
#13=STYLED_ITEM('',(#4867),#16);
#14=STYLED_ITEM('',(#4866),#17);
#15=STYLED_ITEM('',(#4866),#18);
#16=MANIFOLD_SOLID_BREP('frontLid',#2684);
#17=MANIFOLD_SOLID_BREP('Body9',#2685);
#18=MANIFOLD_SOLID_BREP('Body10',#2686);
#19=SPHERICAL_SURFACE('',#2903,0.5);
#20=SPHERICAL_SURFACE('',#2905,0.5);
#21=ELLIPSE('',#2877,1.00056477237117,1.);
#22=ELLIPSE('',#2886,0.500282386185603,0.5);
#23=ELLIPSE('',#2896,0.500282386185605,0.5);
#24=ELLIPSE('',#2947,2.00112954474236,2.);
#25=ELLIPSE('',#2954,2.00112954474236,2.);
#26=CONICAL_SURFACE('',#2794,4.,0.0349065850398866);
#27=CONICAL_SURFACE('',#2810,4.,0.0349065850398866);
#28=CONICAL_SURFACE('',#2983,4.,0.0349065850398866);
#29=CONICAL_SURFACE('',#3002,4.,0.0349065850398866);
#30=(
BOUNDED_CURVE()
B_SPLINE_CURVE(2,(#4167,#4168,#4169),.UNSPECIFIED.,.F.,.F.)
B_SPLINE_CURVE_WITH_KNOTS((3,3),(0.168726410471064,2.03719347800694),
 .UNSPECIFIED.)
CURVE()
GEOMETRIC_REPRESENTATION_ITEM()
RATIONAL_B_SPLINE_CURVE((1.,1.,1.))
REPRESENTATION_ITEM('')
);
#31=(
BOUNDED_CURVE()
B_SPLINE_CURVE(2,(#4170,#4171,#4172),.UNSPECIFIED.,.F.,.F.)
B_SPLINE_CURVE_WITH_KNOTS((3,3),(0.168726410471064,2.03719347800694),
 .UNSPECIFIED.)
CURVE()
GEOMETRIC_REPRESENTATION_ITEM()
RATIONAL_B_SPLINE_CURVE((1.,1.,1.))
REPRESENTATION_ITEM('')
);
#32=(
BOUNDED_CURVE()
B_SPLINE_CURVE(2,(#4255,#4256,#4257),.UNSPECIFIED.,.F.,.F.)
B_SPLINE_CURVE_WITH_KNOTS((3,3),(0.168726410471064,2.03719347800694),
 .UNSPECIFIED.)
CURVE()
GEOMETRIC_REPRESENTATION_ITEM()
RATIONAL_B_SPLINE_CURVE((1.,1.,1.))
REPRESENTATION_ITEM('')
);
#33=(
BOUNDED_CURVE()
B_SPLINE_CURVE(2,(#4258,#4259,#4260),.UNSPECIFIED.,.F.,.F.)
B_SPLINE_CURVE_WITH_KNOTS((3,3),(0.168726410471064,2.03719347800694),
 .UNSPECIFIED.)
CURVE()
GEOMETRIC_REPRESENTATION_ITEM()
RATIONAL_B_SPLINE_CURVE((1.,1.,1.))
REPRESENTATION_ITEM('')
);
#34=(
BOUNDED_CURVE()
B_SPLINE_CURVE(2,(#4746,#4747,#4748),.UNSPECIFIED.,.F.,.F.)
B_SPLINE_CURVE_WITH_KNOTS((3,3),(0.168726410471064,2.03719347800694),
 .UNSPECIFIED.)
CURVE()
GEOMETRIC_REPRESENTATION_ITEM()
RATIONAL_B_SPLINE_CURVE((1.,1.,1.))
REPRESENTATION_ITEM('')
);
#35=(
BOUNDED_CURVE()
B_SPLINE_CURVE(2,(#4749,#4750,#4751),.UNSPECIFIED.,.F.,.F.)
B_SPLINE_CURVE_WITH_KNOTS((3,3),(0.168726410471064,2.03719347800694),
 .UNSPECIFIED.)
CURVE()
GEOMETRIC_REPRESENTATION_ITEM()
RATIONAL_B_SPLINE_CURVE((1.,1.,1.))
REPRESENTATION_ITEM('')
);
#36=(
BOUNDED_CURVE()
B_SPLINE_CURVE(2,(#4840,#4841,#4842),.UNSPECIFIED.,.F.,.F.)
B_SPLINE_CURVE_WITH_KNOTS((3,3),(0.168726410471064,2.03719347800694),
 .UNSPECIFIED.)
CURVE()
GEOMETRIC_REPRESENTATION_ITEM()
RATIONAL_B_SPLINE_CURVE((1.,1.,1.))
REPRESENTATION_ITEM('')
);
#37=(
BOUNDED_CURVE()
B_SPLINE_CURVE(2,(#4843,#4844,#4845),.UNSPECIFIED.,.F.,.F.)
B_SPLINE_CURVE_WITH_KNOTS((3,3),(0.168726410471064,2.03719347800694),
 .UNSPECIFIED.)
CURVE()
GEOMETRIC_REPRESENTATION_ITEM()
RATIONAL_B_SPLINE_CURVE((1.,1.,1.))
REPRESENTATION_ITEM('')
);
#38=TOROIDAL_SURFACE('',#2787,5.,1.);
#39=TOROIDAL_SURFACE('',#2803,5.,1.);
#40=TOROIDAL_SURFACE('',#2870,1.5,1.);
#41=TOROIDAL_SURFACE('',#2873,5.00000000000001,1.);
#42=TOROIDAL_SURFACE('',#2880,5.,1.);
#43=TOROIDAL_SURFACE('',#2883,1.5,1.);
#44=TOROIDAL_SURFACE('',#2890,3.5,0.5);
#45=TOROIDAL_SURFACE('',#2899,3.50000000000001,0.5);
#46=TOROIDAL_SURFACE('',#2939,2.7,2.);
#47=TOROIDAL_SURFACE('',#2944,2.7,2.);
#48=TOROIDAL_SURFACE('',#2950,2.7,2.);
#49=TOROIDAL_SURFACE('',#2951,2.7,2.);
#50=TOROIDAL_SURFACE('',#2967,5.,1.);
#51=TOROIDAL_SURFACE('',#2986,5.,1.);
#52=FACE_BOUND('',#328,.T.);
#53=FACE_BOUND('',#329,.T.);
#54=FACE_BOUND('',#330,.T.);
#55=FACE_BOUND('',#331,.T.);
#56=FACE_BOUND('',#353,.T.);
#57=FACE_BOUND('',#354,.T.);
#58=FACE_BOUND('',#355,.T.);
#59=FACE_BOUND('',#356,.T.);
#60=FACE_BOUND('',#363,.T.);
#61=FACE_BOUND('',#366,.T.);
#62=FACE_BOUND('',#373,.T.);
#63=FACE_BOUND('',#375,.T.);
#64=FACE_BOUND('',#380,.T.);
#65=FACE_BOUND('',#382,.T.);
#66=B_SPLINE_CURVE_WITH_KNOTS('',3,(#3908,#3909,#3910,#3911,#3912,#3913,
#3914,#3915,#3916,#3917,#3918,#3919,#3920,#3921,#3922),.UNSPECIFIED.,.F.,
 .F.,(4,2,2,3,2,2,4),(-0.149747058183769,-0.127789484171922,-0.0638947420859608,
0.,0.0638947420859609,0.127789484171922,0.149747058183769),
 .UNSPECIFIED.);
#67=B_SPLINE_CURVE_WITH_KNOTS('',3,(#4040,#4041,#4042,#4043,#4044,#4045),
 .UNSPECIFIED.,.F.,.F.,(4,2,4),(0.278881597090156,0.286011168426766,0.301276339440012),
 .UNSPECIFIED.);
#68=B_SPLINE_CURVE_WITH_KNOTS('',3,(#4104,#4105,#4106,#4107,#4108,#4109,
#4110,#4111,#4112,#4113),.UNSPECIFIED.,.F.,.F.,(4,2,2,2,4),(0.535783995873069,
0.587521502012877,0.631016004053888,0.668967104782656,0.703563054059685),
 .UNSPECIFIED.);
#69=B_SPLINE_CURVE_WITH_KNOTS('',3,(#4115,#4116,#4117,#4118,#4119,#4120,
#4121,#4122,#4123,#4124),.UNSPECIFIED.,.F.,.F.,(4,2,2,2,4),(0.703563054059685,
0.738159003336713,0.776110104065481,0.819604606106492,0.871342112246302),
 .UNSPECIFIED.);
#70=B_SPLINE_CURVE_WITH_KNOTS('',3,(#4134,#4135,#4136,#4137,#4138,#4139,
#4140,#4141,#4142,#4143),.UNSPECIFIED.,.F.,.F.,(4,2,2,2,4),(0.535783995873063,
0.587521502012871,0.631016004053882,0.66896710478265,0.703563054059678),
 .UNSPECIFIED.);
#71=B_SPLINE_CURVE_WITH_KNOTS('',3,(#4144,#4145,#4146,#4147,#4148,#4149,
#4150,#4151,#4152,#4153),.UNSPECIFIED.,.F.,.F.,(4,2,2,2,4),(0.703563054059678,
0.738159003336707,0.776110104065475,0.819604606106486,0.871342112246294),
 .UNSPECIFIED.);
#72=B_SPLINE_CURVE_WITH_KNOTS('',3,(#4196,#4197,#4198,#4199,#4200,#4201,
#4202,#4203,#4204,#4205),.UNSPECIFIED.,.F.,.F.,(4,2,2,2,4),(0.703563054059685,
0.738159003336713,0.776110104065481,0.819604606106492,0.871342112246302),
 .UNSPECIFIED.);
#73=B_SPLINE_CURVE_WITH_KNOTS('',3,(#4206,#4207,#4208,#4209,#4210,#4211,
#4212,#4213,#4214,#4215),.UNSPECIFIED.,.F.,.F.,(4,2,2,2,4),(0.535783995873069,
0.587521502012877,0.631016004053888,0.668967104782656,0.703563054059685),
 .UNSPECIFIED.);
#74=B_SPLINE_CURVE_WITH_KNOTS('',3,(#4218,#4219,#4220,#4221,#4222,#4223,
#4224,#4225,#4226,#4227),.UNSPECIFIED.,.F.,.F.,(4,2,2,2,4),(0.703563054059678,
0.738159003336707,0.776110104065475,0.819604606106486,0.871342112246294),
 .UNSPECIFIED.);
#75=B_SPLINE_CURVE_WITH_KNOTS('',3,(#4229,#4230,#4231,#4232,#4233,#4234,
#4235,#4236,#4237,#4238),.UNSPECIFIED.,.F.,.F.,(4,2,2,2,4),(0.535783995873063,
0.587521502012871,0.631016004053882,0.66896710478265,0.703563054059678),
 .UNSPECIFIED.);
#76=B_SPLINE_CURVE_WITH_KNOTS('',3,(#4430,#4431,#4432,#4433,#4434,#4435,
#4436,#4437),.UNSPECIFIED.,.F.,.F.,(4,2,2,4),(0.,0.100261210359941,0.13683236071554,
0.147686817741641),.UNSPECIFIED.);
#77=B_SPLINE_CURVE_WITH_KNOTS('',3,(#4457,#4458,#4459,#4460,#4461,#4462,
#4463,#4464),.UNSPECIFIED.,.F.,.F.,(4,2,2,4),(0.494987188571538,0.505841645662125,
0.542412796017725,0.642674006377666),.UNSPECIFIED.);
#78=B_SPLINE_CURVE_WITH_KNOTS('',3,(#4466,#4467,#4468,#4469,#4470,#4471),
 .UNSPECIFIED.,.F.,.F.,(4,2,4),(0.517291053636539,0.53122357100834,0.535831531027155),
 .UNSPECIFIED.);
#79=B_SPLINE_CURVE_WITH_KNOTS('',3,(#4477,#4478,#4479,#4480,#4481,#4482,
#4483,#4484,#4485,#4486),.UNSPECIFIED.,.F.,.F.,(4,2,2,2,4),(0.00149719172552364,
0.00283122258900259,0.00566244517800518,0.00826038216998835,0.0126065987934083),
 .UNSPECIFIED.);
#80=B_SPLINE_CURVE_WITH_KNOTS('',3,(#4499,#4500,#4501,#4502,#4503,#4504,
#4505,#4506,#4507,#4508),.UNSPECIFIED.,.F.,.F.,(4,2,2,2,4),(-0.0125955068022781,
-0.00825312578003928,-0.00565746898374932,-0.00282873449187466,-0.00145893162627547),
 .UNSPECIFIED.);
#81=B_SPLINE_CURVE_WITH_KNOTS('',3,(#4600,#4601,#4602,#4603,#4604,#4605,
#4606,#4607,#4608,#4609,#4610,#4611,#4612,#4613,#4614),.UNSPECIFIED.,.F.,
 .F.,(4,2,2,3,2,2,4),(-0.14974705818376,-0.127789484171923,-0.0638947420859617,
0.,0.0638947420859614,0.127789484171923,0.14974705818376),.UNSPECIFIED.);
#82=B_SPLINE_CURVE_WITH_KNOTS('',3,(#4662,#4663,#4664,#4665,#4666,#4667,
#4668,#4669,#4670,#4671),.UNSPECIFIED.,.F.,.F.,(4,2,2,2,4),(0.703563054059678,
0.738159003336707,0.776110104065475,0.819604606106486,0.871342112246294),
 .UNSPECIFIED.);
#83=B_SPLINE_CURVE_WITH_KNOTS('',3,(#4673,#4674,#4675,#4676,#4677,#4678,
#4679,#4680,#4681,#4682),.UNSPECIFIED.,.F.,.F.,(4,2,2,2,4),(0.535783995873062,
0.587521502012871,0.631016004053881,0.66896710478265,0.703563054059678),
 .UNSPECIFIED.);
#84=B_SPLINE_CURVE_WITH_KNOTS('',3,(#4693,#4694,#4695,#4696,#4697,#4698,
#4699,#4700,#4701,#4702),.UNSPECIFIED.,.F.,.F.,(4,2,2,2,4),(0.703563054059685,
0.738159003336713,0.776110104065481,0.819604606106492,0.8713421122463),
 .UNSPECIFIED.);
#85=B_SPLINE_CURVE_WITH_KNOTS('',3,(#4706,#4707,#4708,#4709,#4710,#4711,
#4712,#4713,#4714,#4715),.UNSPECIFIED.,.F.,.F.,(4,2,2,2,4),(0.535783995873067,
0.587521502012878,0.631016004053888,0.668967104782657,0.703563054059685),
 .UNSPECIFIED.);
#86=B_SPLINE_CURVE_WITH_KNOTS('',3,(#4756,#4757,#4758,#4759,#4760,#4761,
#4762,#4763,#4764,#4765),.UNSPECIFIED.,.F.,.F.,(4,2,2,2,4),(0.703563054059678,
0.738159003336707,0.776110104065475,0.819604606106486,0.871342112246294),
 .UNSPECIFIED.);
#87=B_SPLINE_CURVE_WITH_KNOTS('',3,(#4774,#4775,#4776,#4777,#4778,#4779,
#4780,#4781,#4782,#4783),.UNSPECIFIED.,.F.,.F.,(4,2,2,2,4),(0.535783995873062,
0.587521502012871,0.631016004053881,0.66896710478265,0.703563054059678),
 .UNSPECIFIED.);
#88=B_SPLINE_CURVE_WITH_KNOTS('',3,(#4787,#4788,#4789,#4790,#4791,#4792,
#4793,#4794,#4795,#4796),.UNSPECIFIED.,.F.,.F.,(4,2,2,2,4),(0.703563054059685,
0.738159003336713,0.776110104065481,0.819604606106492,0.8713421122463),
 .UNSPECIFIED.);
#89=B_SPLINE_CURVE_WITH_KNOTS('',3,(#4798,#4799,#4800,#4801,#4802,#4803,
#4804,#4805,#4806,#4807),.UNSPECIFIED.,.F.,.F.,(4,2,2,2,4),(0.535783995873067,
0.587521502012878,0.631016004053888,0.668967104782657,0.703563054059685),
 .UNSPECIFIED.);
#90=CYLINDRICAL_SURFACE('',#2714,2.);
#91=CYLINDRICAL_SURFACE('',#2716,2.);
#92=CYLINDRICAL_SURFACE('',#2728,15.0000000000005);
#93=CYLINDRICAL_SURFACE('',#2731,4.);
#94=CYLINDRICAL_SURFACE('',#2734,4.);
#95=CYLINDRICAL_SURFACE('',#2737,1.20000000000001);
#96=CYLINDRICAL_SURFACE('',#2740,4.99999999999459);
#97=CYLINDRICAL_SURFACE('',#2743,14.9999999999964);
#98=CYLINDRICAL_SURFACE('',#2746,7.49999999999999);
#99=CYLINDRICAL_SURFACE('',#2749,15.0000000000002);
#100=CYLINDRICAL_SURFACE('',#2752,7.50000000000002);
#101=CYLINDRICAL_SURFACE('',#2755,15.0000000000022);
#102=CYLINDRICAL_SURFACE('',#2758,4.9999999999449);
#103=CYLINDRICAL_SURFACE('',#2761,1.20000000000001);
#104=CYLINDRICAL_SURFACE('',#2764,7.50000000000001);
#105=CYLINDRICAL_SURFACE('',#2780,1.);
#106=CYLINDRICAL_SURFACE('',#2796,1.);
#107=CYLINDRICAL_SURFACE('',#2834,1.);
#108=CYLINDRICAL_SURFACE('',#2837,1.);
#109=CYLINDRICAL_SURFACE('',#2840,1.);
#110=CYLINDRICAL_SURFACE('',#2850,0.999999999999996);
#111=CYLINDRICAL_SURFACE('',#2851,1.99999999999999);
#112=CYLINDRICAL_SURFACE('',#2852,0.999999999999996);
#113=CYLINDRICAL_SURFACE('',#2856,1.99999999999999);
#114=CYLINDRICAL_SURFACE('',#2861,0.999999999999996);
#115=CYLINDRICAL_SURFACE('',#2865,1.99999999999999);
#116=CYLINDRICAL_SURFACE('',#2876,1.);
#117=CYLINDRICAL_SURFACE('',#2878,1.);
#118=CYLINDRICAL_SURFACE('',#2885,0.5);
#119=CYLINDRICAL_SURFACE('',#2888,0.5);
#120=CYLINDRICAL_SURFACE('',#2895,0.5);
#121=CYLINDRICAL_SURFACE('',#2897,0.5);
#122=CYLINDRICAL_SURFACE('',#2907,0.449999999999991);
#123=CYLINDRICAL_SURFACE('',#2909,0.5);
#124=CYLINDRICAL_SURFACE('',#2910,4.);
#125=CYLINDRICAL_SURFACE('',#2912,0.5);
#126=CYLINDRICAL_SURFACE('',#2915,4.00000000000001);
#127=CYLINDRICAL_SURFACE('',#2917,7.49999999999999);
#128=CYLINDRICAL_SURFACE('',#2918,15.);
#129=CYLINDRICAL_SURFACE('',#2920,1.7);
#130=CYLINDRICAL_SURFACE('',#2923,1.7);
#131=CYLINDRICAL_SURFACE('',#2925,1.7);
#132=CYLINDRICAL_SURFACE('',#2929,1.7);
#133=CYLINDRICAL_SURFACE('',#2932,1.75);
#134=CYLINDRICAL_SURFACE('',#2934,1.75);
#135=CYLINDRICAL_SURFACE('',#2942,2.);
#136=CYLINDRICAL_SURFACE('',#2946,2.);
#137=CYLINDRICAL_SURFACE('',#2948,2.);
#138=CYLINDRICAL_SURFACE('',#2953,2.);
#139=CYLINDRICAL_SURFACE('',#2955,2.);
#140=CYLINDRICAL_SURFACE('',#2956,5.);
#141=CYLINDRICAL_SURFACE('',#2957,15.);
#142=CYLINDRICAL_SURFACE('',#2958,7.5);
#143=CYLINDRICAL_SURFACE('',#2959,15.);
#144=CYLINDRICAL_SURFACE('',#2960,7.5);
#145=CYLINDRICAL_SURFACE('',#2961,15.);
#146=CYLINDRICAL_SURFACE('',#2962,5.);
#147=CYLINDRICAL_SURFACE('',#2963,4.);
#148=CYLINDRICAL_SURFACE('',#2964,4.);
#149=CYLINDRICAL_SURFACE('',#2973,1.);
#150=CYLINDRICAL_SURFACE('',#2977,4.);
#151=CYLINDRICAL_SURFACE('',#2992,1.);
#152=CYLINDRICAL_SURFACE('',#2996,4.);
#153=FACE_OUTER_BOUND('',#302,.T.);
#154=FACE_OUTER_BOUND('',#303,.T.);
#155=FACE_OUTER_BOUND('',#304,.T.);
#156=FACE_OUTER_BOUND('',#305,.T.);
#157=FACE_OUTER_BOUND('',#306,.T.);
#158=FACE_OUTER_BOUND('',#307,.T.);
#159=FACE_OUTER_BOUND('',#308,.T.);
#160=FACE_OUTER_BOUND('',#309,.T.);
#161=FACE_OUTER_BOUND('',#310,.T.);
#162=FACE_OUTER_BOUND('',#311,.T.);
#163=FACE_OUTER_BOUND('',#312,.T.);
#164=FACE_OUTER_BOUND('',#313,.T.);
#165=FACE_OUTER_BOUND('',#314,.T.);
#166=FACE_OUTER_BOUND('',#315,.T.);
#167=FACE_OUTER_BOUND('',#316,.T.);
#168=FACE_OUTER_BOUND('',#317,.T.);
#169=FACE_OUTER_BOUND('',#318,.T.);
#170=FACE_OUTER_BOUND('',#319,.T.);
#171=FACE_OUTER_BOUND('',#320,.T.);
#172=FACE_OUTER_BOUND('',#321,.T.);
#173=FACE_OUTER_BOUND('',#322,.T.);
#174=FACE_OUTER_BOUND('',#323,.T.);
#175=FACE_OUTER_BOUND('',#324,.T.);
#176=FACE_OUTER_BOUND('',#325,.T.);
#177=FACE_OUTER_BOUND('',#326,.T.);
#178=FACE_OUTER_BOUND('',#327,.T.);
#179=FACE_OUTER_BOUND('',#332,.T.);
#180=FACE_OUTER_BOUND('',#333,.T.);
#181=FACE_OUTER_BOUND('',#334,.T.);
#182=FACE_OUTER_BOUND('',#335,.T.);
#183=FACE_OUTER_BOUND('',#336,.T.);
#184=FACE_OUTER_BOUND('',#337,.T.);
#185=FACE_OUTER_BOUND('',#338,.T.);
#186=FACE_OUTER_BOUND('',#339,.T.);
#187=FACE_OUTER_BOUND('',#340,.T.);
#188=FACE_OUTER_BOUND('',#341,.T.);
#189=FACE_OUTER_BOUND('',#342,.T.);
#190=FACE_OUTER_BOUND('',#343,.T.);
#191=FACE_OUTER_BOUND('',#344,.T.);
#192=FACE_OUTER_BOUND('',#345,.T.);
#193=FACE_OUTER_BOUND('',#346,.T.);
#194=FACE_OUTER_BOUND('',#347,.T.);
#195=FACE_OUTER_BOUND('',#348,.T.);
#196=FACE_OUTER_BOUND('',#349,.T.);
#197=FACE_OUTER_BOUND('',#350,.T.);
#198=FACE_OUTER_BOUND('',#351,.T.);
#199=FACE_OUTER_BOUND('',#352,.T.);
#200=FACE_OUTER_BOUND('',#357,.T.);
#201=FACE_OUTER_BOUND('',#358,.T.);
#202=FACE_OUTER_BOUND('',#359,.T.);
#203=FACE_OUTER_BOUND('',#360,.T.);
#204=FACE_OUTER_BOUND('',#361,.T.);
#205=FACE_OUTER_BOUND('',#362,.T.);
#206=FACE_OUTER_BOUND('',#364,.T.);
#207=FACE_OUTER_BOUND('',#365,.T.);
#208=FACE_OUTER_BOUND('',#367,.T.);
#209=FACE_OUTER_BOUND('',#368,.T.);
#210=FACE_OUTER_BOUND('',#369,.T.);
#211=FACE_OUTER_BOUND('',#370,.T.);
#212=FACE_OUTER_BOUND('',#371,.T.);
#213=FACE_OUTER_BOUND('',#372,.T.);
#214=FACE_OUTER_BOUND('',#374,.T.);
#215=FACE_OUTER_BOUND('',#376,.T.);
#216=FACE_OUTER_BOUND('',#377,.T.);
#217=FACE_OUTER_BOUND('',#378,.T.);
#218=FACE_OUTER_BOUND('',#379,.T.);
#219=FACE_OUTER_BOUND('',#381,.T.);
#220=FACE_OUTER_BOUND('',#383,.T.);
#221=FACE_OUTER_BOUND('',#384,.T.);
#222=FACE_OUTER_BOUND('',#385,.T.);
#223=FACE_OUTER_BOUND('',#386,.T.);
#224=FACE_OUTER_BOUND('',#387,.T.);
#225=FACE_OUTER_BOUND('',#388,.T.);
#226=FACE_OUTER_BOUND('',#389,.T.);
#227=FACE_OUTER_BOUND('',#390,.T.);
#228=FACE_OUTER_BOUND('',#391,.T.);
#229=FACE_OUTER_BOUND('',#392,.T.);
#230=FACE_OUTER_BOUND('',#393,.T.);
#231=FACE_OUTER_BOUND('',#394,.T.);
#232=FACE_OUTER_BOUND('',#395,.T.);
#233=FACE_OUTER_BOUND('',#396,.T.);
#234=FACE_OUTER_BOUND('',#397,.T.);
#235=FACE_OUTER_BOUND('',#398,.T.);
#236=FACE_OUTER_BOUND('',#399,.T.);
#237=FACE_OUTER_BOUND('',#400,.T.);
#238=FACE_OUTER_BOUND('',#401,.T.);
#239=FACE_OUTER_BOUND('',#402,.T.);
#240=FACE_OUTER_BOUND('',#403,.T.);
#241=FACE_OUTER_BOUND('',#404,.T.);
#242=FACE_OUTER_BOUND('',#405,.T.);
#243=FACE_OUTER_BOUND('',#406,.T.);
#244=FACE_OUTER_BOUND('',#407,.T.);
#245=FACE_OUTER_BOUND('',#408,.T.);
#246=FACE_OUTER_BOUND('',#409,.T.);
#247=FACE_OUTER_BOUND('',#410,.T.);
#248=FACE_OUTER_BOUND('',#411,.T.);
#249=FACE_OUTER_BOUND('',#412,.T.);
#250=FACE_OUTER_BOUND('',#413,.T.);
#251=FACE_OUTER_BOUND('',#414,.T.);
#252=FACE_OUTER_BOUND('',#415,.T.);
#253=FACE_OUTER_BOUND('',#416,.T.);
#254=FACE_OUTER_BOUND('',#417,.T.);
#255=FACE_OUTER_BOUND('',#418,.T.);
#256=FACE_OUTER_BOUND('',#419,.T.);
#257=FACE_OUTER_BOUND('',#420,.T.);
#258=FACE_OUTER_BOUND('',#421,.T.);
#259=FACE_OUTER_BOUND('',#422,.T.);
#260=FACE_OUTER_BOUND('',#423,.T.);
#261=FACE_OUTER_BOUND('',#424,.T.);
#262=FACE_OUTER_BOUND('',#425,.T.);
#263=FACE_OUTER_BOUND('',#426,.T.);
#264=FACE_OUTER_BOUND('',#427,.T.);
#265=FACE_OUTER_BOUND('',#428,.T.);
#266=FACE_OUTER_BOUND('',#429,.T.);
#267=FACE_OUTER_BOUND('',#430,.T.);
#268=FACE_OUTER_BOUND('',#431,.T.);
#269=FACE_OUTER_BOUND('',#432,.T.);
#270=FACE_OUTER_BOUND('',#433,.T.);
#271=FACE_OUTER_BOUND('',#434,.T.);
#272=FACE_OUTER_BOUND('',#435,.T.);
#273=FACE_OUTER_BOUND('',#436,.T.);
#274=FACE_OUTER_BOUND('',#437,.T.);
#275=FACE_OUTER_BOUND('',#438,.T.);
#276=FACE_OUTER_BOUND('',#439,.T.);
#277=FACE_OUTER_BOUND('',#440,.T.);
#278=FACE_OUTER_BOUND('',#441,.T.);
#279=FACE_OUTER_BOUND('',#442,.T.);
#280=FACE_OUTER_BOUND('',#443,.T.);
#281=FACE_OUTER_BOUND('',#444,.T.);
#282=FACE_OUTER_BOUND('',#445,.T.);
#283=FACE_OUTER_BOUND('',#446,.T.);
#284=FACE_OUTER_BOUND('',#447,.T.);
#285=FACE_OUTER_BOUND('',#448,.T.);
#286=FACE_OUTER_BOUND('',#449,.T.);
#287=FACE_OUTER_BOUND('',#450,.T.);
#288=FACE_OUTER_BOUND('',#451,.T.);
#289=FACE_OUTER_BOUND('',#452,.T.);
#290=FACE_OUTER_BOUND('',#453,.T.);
#291=FACE_OUTER_BOUND('',#454,.T.);
#292=FACE_OUTER_BOUND('',#455,.T.);
#293=FACE_OUTER_BOUND('',#456,.T.);
#294=FACE_OUTER_BOUND('',#457,.T.);
#295=FACE_OUTER_BOUND('',#458,.T.);
#296=FACE_OUTER_BOUND('',#459,.T.);
#297=FACE_OUTER_BOUND('',#460,.T.);
#298=FACE_OUTER_BOUND('',#461,.T.);
#299=FACE_OUTER_BOUND('',#462,.T.);
#300=FACE_OUTER_BOUND('',#463,.T.);
#301=FACE_OUTER_BOUND('',#464,.T.);
#302=EDGE_LOOP('',(#1679,#1680,#1681,#1682,#1683,#1684,#1685,#1686));
#303=EDGE_LOOP('',(#1687,#1688,#1689,#1690));
#304=EDGE_LOOP('',(#1691,#1692,#1693,#1694,#1695,#1696,#1697,#1698));
#305=EDGE_LOOP('',(#1699,#1700,#1701,#1702));
#306=EDGE_LOOP('',(#1703,#1704,#1705,#1706));
#307=EDGE_LOOP('',(#1707,#1708,#1709,#1710,#1711,#1712,#1713,#1714,#1715,
#1716,#1717,#1718,#1719,#1720,#1721,#1722,#1723,#1724));
#308=EDGE_LOOP('',(#1725,#1726,#1727,#1728,#1729,#1730));
#309=EDGE_LOOP('',(#1731,#1732,#1733,#1734));
#310=EDGE_LOOP('',(#1735,#1736,#1737,#1738));
#311=EDGE_LOOP('',(#1739,#1740,#1741,#1742,#1743,#1744,#1745,#1746,#1747,
#1748,#1749,#1750,#1751,#1752));
#312=EDGE_LOOP('',(#1753,#1754,#1755,#1756));
#313=EDGE_LOOP('',(#1757,#1758,#1759,#1760));
#314=EDGE_LOOP('',(#1761,#1762,#1763,#1764));
#315=EDGE_LOOP('',(#1765,#1766,#1767,#1768));
#316=EDGE_LOOP('',(#1769,#1770,#1771,#1772));
#317=EDGE_LOOP('',(#1773,#1774,#1775,#1776));
#318=EDGE_LOOP('',(#1777,#1778,#1779,#1780));
#319=EDGE_LOOP('',(#1781,#1782,#1783,#1784));
#320=EDGE_LOOP('',(#1785,#1786,#1787,#1788));
#321=EDGE_LOOP('',(#1789,#1790,#1791,#1792));
#322=EDGE_LOOP('',(#1793,#1794,#1795,#1796));
#323=EDGE_LOOP('',(#1797,#1798,#1799,#1800));
#324=EDGE_LOOP('',(#1801,#1802,#1803,#1804));
#325=EDGE_LOOP('',(#1805,#1806,#1807,#1808));
#326=EDGE_LOOP('',(#1809,#1810,#1811,#1812,#1813));
#327=EDGE_LOOP('',(#1814,#1815,#1816,#1817,#1818,#1819,#1820,#1821,#1822,
#1823,#1824,#1825,#1826,#1827,#1828,#1829,#1830,#1831,#1832,#1833,#1834,
#1835,#1836,#1837,#1838,#1839,#1840,#1841,#1842,#1843));
#328=EDGE_LOOP('',(#1844));
#329=EDGE_LOOP('',(#1845));
#330=EDGE_LOOP('',(#1846,#1847));
#331=EDGE_LOOP('',(#1848,#1849));
#332=EDGE_LOOP('',(#1850,#1851,#1852,#1853));
#333=EDGE_LOOP('',(#1854,#1855,#1856,#1857));
#334=EDGE_LOOP('',(#1858,#1859,#1860,#1861,#1862,#1863));
#335=EDGE_LOOP('',(#1864,#1865,#1866,#1867,#1868,#1869));
#336=EDGE_LOOP('',(#1870,#1871,#1872,#1873,#1874,#1875));
#337=EDGE_LOOP('',(#1876,#1877,#1878,#1879));
#338=EDGE_LOOP('',(#1880,#1881,#1882,#1883));
#339=EDGE_LOOP('',(#1884,#1885,#1886,#1887));
#340=EDGE_LOOP('',(#1888,#1889,#1890,#1891));
#341=EDGE_LOOP('',(#1892,#1893,#1894,#1895));
#342=EDGE_LOOP('',(#1896,#1897,#1898,#1899));
#343=EDGE_LOOP('',(#1900,#1901,#1902,#1903));
#344=EDGE_LOOP('',(#1904,#1905,#1906,#1907,#1908,#1909));
#345=EDGE_LOOP('',(#1910,#1911,#1912,#1913,#1914,#1915));
#346=EDGE_LOOP('',(#1916,#1917,#1918,#1919,#1920,#1921));
#347=EDGE_LOOP('',(#1922,#1923,#1924,#1925));
#348=EDGE_LOOP('',(#1926,#1927,#1928,#1929));
#349=EDGE_LOOP('',(#1930,#1931,#1932,#1933));
#350=EDGE_LOOP('',(#1934,#1935,#1936,#1937));
#351=EDGE_LOOP('',(#1938,#1939,#1940,#1941));
#352=EDGE_LOOP('',(#1942,#1943,#1944,#1945,#1946,#1947,#1948,#1949,#1950,
#1951,#1952,#1953,#1954,#1955,#1956,#1957,#1958,#1959,#1960,#1961,#1962,
#1963,#1964,#1965,#1966,#1967,#1968,#1969,#1970,#1971,#1972,#1973,#1974,
#1975,#1976,#1977,#1978,#1979,#1980,#1981,#1982,#1983,#1984,#1985,#1986,
#1987,#1988,#1989,#1990,#1991,#1992,#1993,#1994,#1995,#1996));
#353=EDGE_LOOP('',(#1997));
#354=EDGE_LOOP('',(#1998));
#355=EDGE_LOOP('',(#1999,#2000));
#356=EDGE_LOOP('',(#2001,#2002));
#357=EDGE_LOOP('',(#2003,#2004,#2005,#2006,#2007,#2008,#2009,#2010,#2011,
#2012,#2013,#2014,#2015,#2016,#2017,#2018));
#358=EDGE_LOOP('',(#2019,#2020,#2021,#2022));
#359=EDGE_LOOP('',(#2023,#2024,#2025,#2026));
#360=EDGE_LOOP('',(#2027,#2028,#2029,#2030));
#361=EDGE_LOOP('',(#2031,#2032,#2033,#2034));
#362=EDGE_LOOP('',(#2035,#2036,#2037,#2038,#2039));
#363=EDGE_LOOP('',(#2040));
#364=EDGE_LOOP('',(#2041,#2042,#2043,#2044));
#365=EDGE_LOOP('',(#2045,#2046,#2047,#2048,#2049));
#366=EDGE_LOOP('',(#2050));
#367=EDGE_LOOP('',(#2051,#2052,#2053,#2054));
#368=EDGE_LOOP('',(#2055,#2056,#2057,#2058));
#369=EDGE_LOOP('',(#2059,#2060,#2061,#2062));
#370=EDGE_LOOP('',(#2063,#2064,#2065,#2066));
#371=EDGE_LOOP('',(#2067,#2068,#2069,#2070));
#372=EDGE_LOOP('',(#2071,#2072,#2073,#2074,#2075));
#373=EDGE_LOOP('',(#2076));
#374=EDGE_LOOP('',(#2077,#2078,#2079,#2080,#2081));
#375=EDGE_LOOP('',(#2082));
#376=EDGE_LOOP('',(#2083,#2084,#2085,#2086));
#377=EDGE_LOOP('',(#2087,#2088,#2089,#2090));
#378=EDGE_LOOP('',(#2091,#2092,#2093,#2094));
#379=EDGE_LOOP('',(#2095,#2096,#2097,#2098,#2099));
#380=EDGE_LOOP('',(#2100));
#381=EDGE_LOOP('',(#2101,#2102,#2103,#2104,#2105));
#382=EDGE_LOOP('',(#2106));
#383=EDGE_LOOP('',(#2107,#2108,#2109,#2110,#2111));
#384=EDGE_LOOP('',(#2112,#2113,#2114,#2115));
#385=EDGE_LOOP('',(#2116,#2117,#2118,#2119));
#386=EDGE_LOOP('',(#2120,#2121,#2122,#2123));
#387=EDGE_LOOP('',(#2124,#2125,#2126,#2127));
#388=EDGE_LOOP('',(#2128,#2129,#2130,#2131,#2132));
#389=EDGE_LOOP('',(#2133,#2134,#2135,#2136,#2137));
#390=EDGE_LOOP('',(#2138,#2139,#2140,#2141,#2142));
#391=EDGE_LOOP('',(#2143,#2144,#2145,#2146));
#392=EDGE_LOOP('',(#2147,#2148,#2149,#2150));
#393=EDGE_LOOP('',(#2151,#2152,#2153,#2154));
#394=EDGE_LOOP('',(#2155,#2156,#2157,#2158));
#395=EDGE_LOOP('',(#2159,#2160,#2161));
#396=EDGE_LOOP('',(#2162,#2163,#2164));
#397=EDGE_LOOP('',(#2165,#2166,#2167,#2168,#2169));
#398=EDGE_LOOP('',(#2170,#2171,#2172,#2173,#2174,#2175));
#399=EDGE_LOOP('',(#2176,#2177,#2178,#2179));
#400=EDGE_LOOP('',(#2180,#2181,#2182,#2183));
#401=EDGE_LOOP('',(#2184,#2185,#2186,#2187,#2188,#2189));
#402=EDGE_LOOP('',(#2190,#2191,#2192,#2193));
#403=EDGE_LOOP('',(#2194,#2195,#2196,#2197,#2198,#2199));
#404=EDGE_LOOP('',(#2200,#2201,#2202,#2203));
#405=EDGE_LOOP('',(#2204,#2205,#2206,#2207));
#406=EDGE_LOOP('',(#2208,#2209,#2210,#2211));
#407=EDGE_LOOP('',(#2212,#2213,#2214,#2215,#2216));
#408=EDGE_LOOP('',(#2217,#2218,#2219,#2220));
#409=EDGE_LOOP('',(#2221,#2222,#2223,#2224));
#410=EDGE_LOOP('',(#2225,#2226,#2227,#2228));
#411=EDGE_LOOP('',(#2229,#2230,#2231,#2232));
#412=EDGE_LOOP('',(#2233,#2234,#2235,#2236));
#413=EDGE_LOOP('',(#2237,#2238,#2239,#2240));
#414=EDGE_LOOP('',(#2241,#2242,#2243,#2244));
#415=EDGE_LOOP('',(#2245,#2246,#2247,#2248));
#416=EDGE_LOOP('',(#2249,#2250,#2251,#2252));
#417=EDGE_LOOP('',(#2253,#2254,#2255,#2256));
#418=EDGE_LOOP('',(#2257,#2258,#2259,#2260));
#419=EDGE_LOOP('',(#2261,#2262,#2263,#2264));
#420=EDGE_LOOP('',(#2265,#2266,#2267,#2268,#2269,#2270));
#421=EDGE_LOOP('',(#2271,#2272,#2273,#2274,#2275,#2276));
#422=EDGE_LOOP('',(#2277,#2278,#2279,#2280,#2281,#2282,#2283,#2284,#2285,
#2286,#2287,#2288,#2289,#2290));
#423=EDGE_LOOP('',(#2291,#2292,#2293,#2294));
#424=EDGE_LOOP('',(#2295,#2296,#2297,#2298,#2299,#2300));
#425=EDGE_LOOP('',(#2301,#2302,#2303,#2304));
#426=EDGE_LOOP('',(#2305,#2306,#2307,#2308));
#427=EDGE_LOOP('',(#2309,#2310,#2311,#2312));
#428=EDGE_LOOP('',(#2313,#2314,#2315,#2316));
#429=EDGE_LOOP('',(#2317,#2318,#2319,#2320));
#430=EDGE_LOOP('',(#2321,#2322,#2323,#2324));
#431=EDGE_LOOP('',(#2325,#2326,#2327,#2328));
#432=EDGE_LOOP('',(#2329,#2330,#2331,#2332));
#433=EDGE_LOOP('',(#2333,#2334,#2335,#2336));
#434=EDGE_LOOP('',(#2337,#2338,#2339,#2340));
#435=EDGE_LOOP('',(#2341,#2342,#2343,#2344));
#436=EDGE_LOOP('',(#2345,#2346,#2347,#2348));
#437=EDGE_LOOP('',(#2349,#2350,#2351,#2352));
#438=EDGE_LOOP('',(#2353,#2354,#2355,#2356));
#439=EDGE_LOOP('',(#2357,#2358,#2359,#2360));
#440=EDGE_LOOP('',(#2361,#2362,#2363,#2364));
#441=EDGE_LOOP('',(#2365,#2366,#2367,#2368,#2369,#2370));
#442=EDGE_LOOP('',(#2371,#2372,#2373,#2374,#2375,#2376));
#443=EDGE_LOOP('',(#2377,#2378,#2379,#2380));
#444=EDGE_LOOP('',(#2381,#2382,#2383,#2384,#2385,#2386));
#445=EDGE_LOOP('',(#2387,#2388,#2389,#2390));
#446=EDGE_LOOP('',(#2391,#2392,#2393,#2394));
#447=EDGE_LOOP('',(#2395,#2396,#2397,#2398));
#448=EDGE_LOOP('',(#2399,#2400,#2401,#2402));
#449=EDGE_LOOP('',(#2403,#2404,#2405,#2406));
#450=EDGE_LOOP('',(#2407,#2408));
#451=EDGE_LOOP('',(#2409,#2410,#2411,#2412));
#452=EDGE_LOOP('',(#2413,#2414,#2415,#2416));
#453=EDGE_LOOP('',(#2417,#2418,#2419,#2420,#2421,#2422));
#454=EDGE_LOOP('',(#2423,#2424,#2425,#2426,#2427,#2428));
#455=EDGE_LOOP('',(#2429,#2430,#2431,#2432));
#456=EDGE_LOOP('',(#2433,#2434,#2435,#2436,#2437,#2438));
#457=EDGE_LOOP('',(#2439,#2440,#2441,#2442));
#458=EDGE_LOOP('',(#2443,#2444,#2445,#2446));
#459=EDGE_LOOP('',(#2447,#2448,#2449,#2450));
#460=EDGE_LOOP('',(#2451,#2452,#2453,#2454));
#461=EDGE_LOOP('',(#2455,#2456,#2457,#2458));
#462=EDGE_LOOP('',(#2459,#2460));
#463=EDGE_LOOP('',(#2461,#2462,#2463,#2464));
#464=EDGE_LOOP('',(#2465,#2466,#2467,#2468));
#465=CIRCLE('',#2701,2.);
#466=CIRCLE('',#2704,2.);
#467=CIRCLE('',#2708,1.75);
#468=CIRCLE('',#2709,1.7);
#469=CIRCLE('',#2710,1.7);
#470=CIRCLE('',#2711,1.75);
#471=CIRCLE('',#2712,1.7);
#472=CIRCLE('',#2713,1.7);
#473=CIRCLE('',#2715,1.99999999999999);
#474=CIRCLE('',#2717,1.99999999999999);
#475=CIRCLE('',#2719,1.75);
#476=CIRCLE('',#2721,1.7);
#477=CIRCLE('',#2722,1.7);
#478=CIRCLE('',#2723,1.75);
#479=CIRCLE('',#2724,2.7);
#480=CIRCLE('',#2725,2.7);
#481=CIRCLE('',#2729,15.0000000000005);
#482=CIRCLE('',#2730,15.0000000000005);
#483=CIRCLE('',#2732,4.);
#484=CIRCLE('',#2733,4.);
#485=CIRCLE('',#2735,4.);
#486=CIRCLE('',#2736,4.);
#487=CIRCLE('',#2738,1.20000000000001);
#488=CIRCLE('',#2739,1.20000000000001);
#489=CIRCLE('',#2741,4.99999999999459);
#490=CIRCLE('',#2742,4.99999999999459);
#491=CIRCLE('',#2744,14.9999999999964);
#492=CIRCLE('',#2745,14.9999999999964);
#493=CIRCLE('',#2747,7.49999999999999);
#494=CIRCLE('',#2748,7.49999999999999);
#495=CIRCLE('',#2750,15.0000000000002);
#496=CIRCLE('',#2751,15.0000000000002);
#497=CIRCLE('',#2753,7.50000000000002);
#498=CIRCLE('',#2754,7.50000000000002);
#499=CIRCLE('',#2756,15.0000000000022);
#500=CIRCLE('',#2757,15.0000000000022);
#501=CIRCLE('',#2759,4.9999999999449);
#502=CIRCLE('',#2760,4.9999999999449);
#503=CIRCLE('',#2762,1.20000000000001);
#504=CIRCLE('',#2763,1.20000000000001);
#505=CIRCLE('',#2765,7.50000000000001);
#506=CIRCLE('',#2766,7.50000000000001);
#507=CIRCLE('',#2768,5.);
#508=CIRCLE('',#2769,15.);
#509=CIRCLE('',#2770,7.5);
#510=CIRCLE('',#2771,15.);
#511=CIRCLE('',#2772,0.449999999999991);
#512=CIRCLE('',#2773,7.49999999999999);
#513=CIRCLE('',#2774,15.);
#514=CIRCLE('',#2775,7.5);
#515=CIRCLE('',#2776,15.);
#516=CIRCLE('',#2777,5.);
#517=CIRCLE('',#2778,4.);
#518=CIRCLE('',#2779,4.);
#519=CIRCLE('',#2781,1.);
#520=CIRCLE('',#2782,1.);
#521=CIRCLE('',#2784,5.);
#522=CIRCLE('',#2788,5.);
#523=CIRCLE('',#2791,3.34698161050432);
#524=CIRCLE('',#2795,4.);
#525=CIRCLE('',#2797,1.);
#526=CIRCLE('',#2798,1.);
#527=CIRCLE('',#2800,5.);
#528=CIRCLE('',#2804,5.);
#529=CIRCLE('',#2807,3.34698161050432);
#530=CIRCLE('',#2811,4.);
#531=CIRCLE('',#2813,4.7);
#532=CIRCLE('',#2814,4.7);
#533=CIRCLE('',#2815,4.7);
#534=CIRCLE('',#2816,4.7);
#535=CIRCLE('',#2817,5.);
#536=CIRCLE('',#2818,15.);
#537=CIRCLE('',#2819,7.5);
#538=CIRCLE('',#2820,15.);
#539=CIRCLE('',#2821,7.49999999999999);
#540=CIRCLE('',#2822,1.5);
#541=CIRCLE('',#2823,5.);
#542=CIRCLE('',#2824,5.00000000000001);
#543=CIRCLE('',#2825,1.5);
#544=CIRCLE('',#2826,15.);
#545=CIRCLE('',#2827,7.5);
#546=CIRCLE('',#2828,15.);
#547=CIRCLE('',#2829,5.);
#548=CIRCLE('',#2830,4.);
#549=CIRCLE('',#2831,4.);
#550=CIRCLE('',#2835,1.);
#551=CIRCLE('',#2836,1.);
#552=CIRCLE('',#2838,1.);
#553=CIRCLE('',#2839,1.);
#554=CIRCLE('',#2841,1.);
#555=CIRCLE('',#2842,1.);
#556=CIRCLE('',#2844,1.99999999999999);
#557=CIRCLE('',#2845,0.999999999999996);
#558=CIRCLE('',#2848,1.99999999999999);
#559=CIRCLE('',#2849,0.999999999999996);
#560=CIRCLE('',#2853,0.999999999999996);
#561=CIRCLE('',#2854,0.999999999999996);
#562=CIRCLE('',#2857,1.99999999999999);
#563=CIRCLE('',#2858,1.99999999999999);
#564=CIRCLE('',#2862,0.999999999999996);
#565=CIRCLE('',#2863,0.999999999999996);
#566=CIRCLE('',#2866,1.99999999999999);
#567=CIRCLE('',#2867,1.99999999999999);
#568=CIRCLE('',#2871,0.999999999998877);
#569=CIRCLE('',#2872,0.5);
#570=CIRCLE('',#2874,0.999999999998842);
#571=CIRCLE('',#2875,4.00000000000001);
#572=CIRCLE('',#2879,1.);
#573=CIRCLE('',#2881,0.999999999997758);
#574=CIRCLE('',#2882,4.);
#575=CIRCLE('',#2884,0.5);
#576=CIRCLE('',#2887,0.500000000000006);
#577=CIRCLE('',#2889,0.499999999999998);
#578=CIRCLE('',#2891,0.499999999999995);
#579=CIRCLE('',#2892,3.5);
#580=CIRCLE('',#2893,0.499999999999998);
#581=CIRCLE('',#2894,4.);
#582=CIRCLE('',#2898,0.499999999999998);
#583=CIRCLE('',#2900,0.500000000000149);
#584=CIRCLE('',#2901,4.00000000000001);
#585=CIRCLE('',#2902,3.50000000000001);
#586=CIRCLE('',#2904,0.499999999999993);
#587=CIRCLE('',#2906,0.499999999999993);
#588=CIRCLE('',#2926,1.7);
#589=CIRCLE('',#2930,1.7);
#590=CIRCLE('',#2933,1.75);
#591=CIRCLE('',#2935,1.75);
#592=CIRCLE('',#2937,2.7);
#593=CIRCLE('',#2938,2.7);
#594=CIRCLE('',#2940,2.);
#595=CIRCLE('',#2941,2.00000000000001);
#596=CIRCLE('',#2943,1.99999999999998);
#597=CIRCLE('',#2945,2.00000000000001);
#598=CIRCLE('',#2949,1.99999999999998);
#599=CIRCLE('',#2952,2.);
#600=CIRCLE('',#2966,1.);
#601=CIRCLE('',#2968,5.);
#602=CIRCLE('',#2969,5.);
#603=CIRCLE('',#2972,1.);
#604=CIRCLE('',#2976,3.34698161050432);
#605=CIRCLE('',#2978,4.);
#606=CIRCLE('',#2979,4.);
#607=CIRCLE('',#2985,1.);
#608=CIRCLE('',#2987,5.);
#609=CIRCLE('',#2988,5.);
#610=CIRCLE('',#2991,1.);
#611=CIRCLE('',#2995,3.34698161050432);
#612=CIRCLE('',#2997,4.);
#613=CIRCLE('',#2998,4.);
#614=LINE('',#3824,#823);
#615=LINE('',#3826,#824);
#616=LINE('',#3828,#825);
#617=LINE('',#3830,#826);
#618=LINE('',#3832,#827);
#619=LINE('',#3834,#828);
#620=LINE('',#3836,#829);
#621=LINE('',#3840,#830);
#622=LINE('',#3842,#831);
#623=LINE('',#3843,#832);
#624=LINE('',#3847,#833);
#625=LINE('',#3851,#834);
#626=LINE('',#3853,#835);
#627=LINE('',#3854,#836);
#628=LINE('',#3856,#837);
#629=LINE('',#3857,#838);
#630=LINE('',#3860,#839);
#631=LINE('',#3862,#840);
#632=LINE('',#3863,#841);
#633=LINE('',#3866,#842);
#634=LINE('',#3868,#843);
#635=LINE('',#3869,#844);
#636=LINE('',#3872,#845);
#637=LINE('',#3876,#846);
#638=LINE('',#3880,#847);
#639=LINE('',#3882,#848);
#640=LINE('',#3886,#849);
#641=LINE('',#3890,#850);
#642=LINE('',#3894,#851);
#643=LINE('',#3896,#852);
#644=LINE('',#3899,#853);
#645=LINE('',#3902,#854);
#646=LINE('',#3906,#855);
#647=LINE('',#3923,#856);
#648=LINE('',#3926,#857);
#649=LINE('',#3929,#858);
#650=LINE('',#3933,#859);
#651=LINE('',#3936,#860);
#652=LINE('',#3940,#861);
#653=LINE('',#3942,#862);
#654=LINE('',#3946,#863);
#655=LINE('',#3950,#864);
#656=LINE('',#3954,#865);
#657=LINE('',#3956,#866);
#658=LINE('',#3959,#867);
#659=LINE('',#3961,#868);
#660=LINE('',#3965,#869);
#661=LINE('',#3969,#870);
#662=LINE('',#3975,#871);
#663=LINE('',#3981,#872);
#664=LINE('',#3988,#873);
#665=LINE('',#3991,#874);
#666=LINE('',#3997,#875);
#667=LINE('',#4003,#876);
#668=LINE('',#4010,#877);
#669=LINE('',#4014,#878);
#670=LINE('',#4021,#879);
#671=LINE('',#4027,#880);
#672=LINE('',#4033,#881);
#673=LINE('',#4047,#882);
#674=LINE('',#4051,#883);
#675=LINE('',#4054,#884);
#676=LINE('',#4056,#885);
#677=LINE('',#4065,#886);
#678=LINE('',#4069,#887);
#679=LINE('',#4081,#888);
#680=LINE('',#4085,#889);
#681=LINE('',#4092,#890);
#682=LINE('',#4095,#891);
#683=LINE('',#4098,#892);
#684=LINE('',#4101,#893);
#685=LINE('',#4126,#894);
#686=LINE('',#4127,#895);
#687=LINE('',#4130,#896);
#688=LINE('',#4132,#897);
#689=LINE('',#4157,#898);
#690=LINE('',#4162,#899);
#691=LINE('',#4164,#900);
#692=LINE('',#4165,#901);
#693=LINE('',#4180,#902);
#694=LINE('',#4183,#903);
#695=LINE('',#4186,#904);
#696=LINE('',#4189,#905);
#697=LINE('',#4192,#906);
#698=LINE('',#4194,#907);
#699=LINE('',#4240,#908);
#700=LINE('',#4241,#909);
#701=LINE('',#4245,#910);
#702=LINE('',#4250,#911);
#703=LINE('',#4252,#912);
#704=LINE('',#4253,#913);
#705=LINE('',#4267,#914);
#706=LINE('',#4269,#915);
#707=LINE('',#4273,#916);
#708=LINE('',#4277,#917);
#709=LINE('',#4279,#918);
#710=LINE('',#4296,#919);
#711=LINE('',#4298,#920);
#712=LINE('',#4310,#921);
#713=LINE('',#4312,#922);
#714=LINE('',#4314,#923);
#715=LINE('',#4316,#924);
#716=LINE('',#4318,#925);
#717=LINE('',#4320,#926);
#718=LINE('',#4322,#927);
#719=LINE('',#4324,#928);
#720=LINE('',#4326,#929);
#721=LINE('',#4328,#930);
#722=LINE('',#4330,#931);
#723=LINE('',#4332,#932);
#724=LINE('',#4334,#933);
#725=LINE('',#4335,#934);
#726=LINE('',#4340,#935);
#727=LINE('',#4342,#936);
#728=LINE('',#4343,#937);
#729=LINE('',#4345,#938);
#730=LINE('',#4347,#939);
#731=LINE('',#4348,#940);
#732=LINE('',#4350,#941);
#733=LINE('',#4352,#942);
#734=LINE('',#4353,#943);
#735=LINE('',#4355,#944);
#736=LINE('',#4360,#945);
#737=LINE('',#4366,#946);
#738=LINE('',#4372,#947);
#739=LINE('',#4376,#948);
#740=LINE('',#4382,#949);
#741=LINE('',#4383,#950);
#742=LINE('',#4389,#951);
#743=LINE('',#4395,#952);
#744=LINE('',#4399,#953);
#745=LINE('',#4401,#954);
#746=LINE('',#4402,#955);
#747=LINE('',#4412,#956);
#748=LINE('',#4416,#957);
#749=LINE('',#4418,#958);
#750=LINE('',#4419,#959);
#751=LINE('',#4444,#960);
#752=LINE('',#4449,#961);
#753=LINE('',#4488,#962);
#754=LINE('',#4491,#963);
#755=LINE('',#4494,#964);
#756=LINE('',#4498,#965);
#757=LINE('',#4519,#966);
#758=LINE('',#4521,#967);
#759=LINE('',#4525,#968);
#760=LINE('',#4528,#969);
#761=LINE('',#4539,#970);
#762=LINE('',#4540,#971);
#763=LINE('',#4542,#972);
#764=LINE('',#4543,#973);
#765=LINE('',#4545,#974);
#766=LINE('',#4547,#975);
#767=LINE('',#4550,#976);
#768=LINE('',#4551,#977);
#769=LINE('',#4554,#978);
#770=LINE('',#4556,#979);
#771=LINE('',#4559,#980);
#772=LINE('',#4561,#981);
#773=LINE('',#4563,#982);
#774=LINE('',#4564,#983);
#775=LINE('',#4566,#984);
#776=LINE('',#4568,#985);
#777=LINE('',#4570,#986);
#778=LINE('',#4574,#987);
#779=LINE('',#4576,#988);
#780=LINE('',#4577,#989);
#781=LINE('',#4581,#990);
#782=LINE('',#4584,#991);
#783=LINE('',#4585,#992);
#784=LINE('',#4588,#993);
#785=LINE('',#4589,#994);
#786=LINE('',#4593,#995);
#787=LINE('',#4596,#996);
#788=LINE('',#4597,#997);
#789=LINE('',#4620,#998);
#790=LINE('',#4624,#999);
#791=LINE('',#4626,#1000);
#792=LINE('',#4646,#1001);
#793=LINE('',#4648,#1002);
#794=LINE('',#4651,#1003);
#795=LINE('',#4653,#1004);
#796=LINE('',#4655,#1005);
#797=LINE('',#4684,#1006);
#798=LINE('',#4688,#1007);
#799=LINE('',#4689,#1008);
#800=LINE('',#4718,#1009);
#801=LINE('',#4719,#1010);
#802=LINE('',#4722,#1011);
#803=LINE('',#4724,#1012);
#804=LINE('',#4727,#1013);
#805=LINE('',#4729,#1014);
#806=LINE('',#4737,#1015);
#807=LINE('',#4740,#1016);
#808=LINE('',#4742,#1017);
#809=LINE('',#4743,#1018);
#810=LINE('',#4767,#1019);
#811=LINE('',#4769,#1020);
#812=LINE('',#4773,#1021);
#813=LINE('',#4812,#1022);
#814=LINE('',#4813,#1023);
#815=LINE('',#4818,#1024);
#816=LINE('',#4819,#1025);
#817=LINE('',#4821,#1026);
#818=LINE('',#4823,#1027);
#819=LINE('',#4831,#1028);
#820=LINE('',#4834,#1029);
#821=LINE('',#4836,#1030);
#822=LINE('',#4837,#1031);
#823=VECTOR('',#3007,10.);
#824=VECTOR('',#3008,10.);
#825=VECTOR('',#3009,10.);
#826=VECTOR('',#3010,10.);
#827=VECTOR('',#3011,10.);
#828=VECTOR('',#3012,10.);
#829=VECTOR('',#3013,10.);
#830=VECTOR('',#3018,10.);
#831=VECTOR('',#3019,10.);
#832=VECTOR('',#3020,10.);
#833=VECTOR('',#3023,10.);
#834=VECTOR('',#3026,10.);
#835=VECTOR('',#3027,10.);
#836=VECTOR('',#3028,10.);
#837=VECTOR('',#3029,10.);
#838=VECTOR('',#3030,10.);
#839=VECTOR('',#3033,10.);
#840=VECTOR('',#3034,10.);
#841=VECTOR('',#3035,10.);
#842=VECTOR('',#3038,10.);
#843=VECTOR('',#3039,10.);
#844=VECTOR('',#3040,10.);
#845=VECTOR('',#3043,10.);
#846=VECTOR('',#3046,10.);
#847=VECTOR('',#3049,10.);
#848=VECTOR('',#3050,10.);
#849=VECTOR('',#3053,10.);
#850=VECTOR('',#3056,10.);
#851=VECTOR('',#3059,10.);
#852=VECTOR('',#3060,10.);
#853=VECTOR('',#3063,10.);
#854=VECTOR('',#3066,10.);
#855=VECTOR('',#3069,10.);
#856=VECTOR('',#3070,10.);
#857=VECTOR('',#3073,10.);
#858=VECTOR('',#3076,10.);
#859=VECTOR('',#3081,10.);
#860=VECTOR('',#3084,10.);
#861=VECTOR('',#3087,10.);
#862=VECTOR('',#3088,10.);
#863=VECTOR('',#3091,10.);
#864=VECTOR('',#3094,10.);
#865=VECTOR('',#3097,10.);
#866=VECTOR('',#3098,10.);
#867=VECTOR('',#3103,10.);
#868=VECTOR('',#3106,10.);
#869=VECTOR('',#3109,10.);
#870=VECTOR('',#3112,10.);
#871=VECTOR('',#3119,4.);
#872=VECTOR('',#3126,4.);
#873=VECTOR('',#3133,10.);
#874=VECTOR('',#3136,10.);
#875=VECTOR('',#3143,10.);
#876=VECTOR('',#3150,10.);
#877=VECTOR('',#3159,10.);
#878=VECTOR('',#3162,10.);
#879=VECTOR('',#3171,10.);
#880=VECTOR('',#3178,10.);
#881=VECTOR('',#3185,10.);
#882=VECTOR('',#3194,10.);
#883=VECTOR('',#3197,7.5);
#884=VECTOR('',#3202,10.);
#885=VECTOR('',#3203,10.);
#886=VECTOR('',#3212,10.);
#887=VECTOR('',#3215,10.);
#888=VECTOR('',#3226,10.);
#889=VECTOR('',#3229,10.);
#890=VECTOR('',#3236,10.);
#891=VECTOR('',#3239,10.);
#892=VECTOR('',#3242,10.);
#893=VECTOR('',#3245,10.);
#894=VECTOR('',#3248,10.);
#895=VECTOR('',#3249,10.);
#896=VECTOR('',#3252,10.);
#897=VECTOR('',#3253,10.);
#898=VECTOR('',#3260,10.);
#899=VECTOR('',#3267,10.);
#900=VECTOR('',#3268,10.);
#901=VECTOR('',#3269,10.);
#902=VECTOR('',#3280,10.);
#903=VECTOR('',#3283,10.);
#904=VECTOR('',#3286,10.);
#905=VECTOR('',#3289,10.);
#906=VECTOR('',#3292,10.);
#907=VECTOR('',#3293,10.);
#908=VECTOR('',#3296,10.);
#909=VECTOR('',#3297,10.);
#910=VECTOR('',#3304,10.);
#911=VECTOR('',#3311,10.);
#912=VECTOR('',#3312,10.);
#913=VECTOR('',#3313,10.);
#914=VECTOR('',#3324,10.);
#915=VECTOR('',#3325,10.);
#916=VECTOR('',#3328,10.);
#917=VECTOR('',#3331,10.);
#918=VECTOR('',#3332,10.);
#919=VECTOR('',#3349,10.);
#920=VECTOR('',#3350,10.);
#921=VECTOR('',#3363,10.);
#922=VECTOR('',#3364,10.);
#923=VECTOR('',#3365,10.);
#924=VECTOR('',#3366,1.);
#925=VECTOR('',#3367,10.);
#926=VECTOR('',#3368,10.);
#927=VECTOR('',#3369,10.);
#928=VECTOR('',#3370,1.);
#929=VECTOR('',#3371,10.);
#930=VECTOR('',#3372,10.);
#931=VECTOR('',#3373,10.);
#932=VECTOR('',#3374,1.);
#933=VECTOR('',#3375,10.);
#934=VECTOR('',#3376,10.);
#935=VECTOR('',#3383,10.);
#936=VECTOR('',#3384,10.);
#937=VECTOR('',#3385,10.);
#938=VECTOR('',#3386,10.);
#939=VECTOR('',#3387,10.);
#940=VECTOR('',#3388,10.);
#941=VECTOR('',#3389,10.);
#942=VECTOR('',#3390,10.);
#943=VECTOR('',#3391,10.);
#944=VECTOR('',#3394,10.);
#945=VECTOR('',#3399,1.);
#946=VECTOR('',#3406,1.);
#947=VECTOR('',#3413,1.);
#948=VECTOR('',#3418,10.);
#949=VECTOR('',#3425,10.);
#950=VECTOR('',#3426,10.);
#951=VECTOR('',#3435,0.999999999999996);
#952=VECTOR('',#3442,0.999999999999996);
#953=VECTOR('',#3447,10.);
#954=VECTOR('',#3448,10.);
#955=VECTOR('',#3449,10.);
#956=VECTOR('',#3464,0.999999999999996);
#957=VECTOR('',#3469,10.);
#958=VECTOR('',#3470,10.);
#959=VECTOR('',#3471,10.);
#960=VECTOR('',#3496,10.);
#961=VECTOR('',#3503,10.);
#962=VECTOR('',#3518,10.);
#963=VECTOR('',#3521,10.);
#964=VECTOR('',#3524,10.);
#965=VECTOR('',#3527,10.);
#966=VECTOR('',#3540,10.);
#967=VECTOR('',#3541,10.);
#968=VECTOR('',#3546,10.);
#969=VECTOR('',#3549,10.);
#970=VECTOR('',#3568,10.);
#971=VECTOR('',#3569,10.);
#972=VECTOR('',#3572,10.);
#973=VECTOR('',#3573,10.);
#974=VECTOR('',#3576,10.);
#975=VECTOR('',#3579,4.);
#976=VECTOR('',#3584,10.);
#977=VECTOR('',#3585,10.);
#978=VECTOR('',#3590,10.);
#979=VECTOR('',#3593,4.);
#980=VECTOR('',#3598,7.5);
#981=VECTOR('',#3601,15.);
#982=VECTOR('',#3604,10.);
#983=VECTOR('',#3605,10.);
#984=VECTOR('',#3608,10.);
#985=VECTOR('',#3611,10.);
#986=VECTOR('',#3614,10.);
#987=VECTOR('',#3619,10.);
#988=VECTOR('',#3620,10.);
#989=VECTOR('',#3621,10.);
#990=VECTOR('',#3626,10.);
#991=VECTOR('',#3629,10.);
#992=VECTOR('',#3630,10.);
#993=VECTOR('',#3633,10.);
#994=VECTOR('',#3634,10.);
#995=VECTOR('',#3639,10.);
#996=VECTOR('',#3642,10.);
#997=VECTOR('',#3643,10.);
#998=VECTOR('',#3654,10.);
#999=VECTOR('',#3657,10.);
#1000=VECTOR('',#3658,10.);
#1001=VECTOR('',#3697,10.);
#1002=VECTOR('',#3700,15.);
#1003=VECTOR('',#3705,15.);
#1004=VECTOR('',#3708,15.);
#1005=VECTOR('',#3711,10.);
#1006=VECTOR('',#3720,10.);
#1007=VECTOR('',#3723,10.);
#1008=VECTOR('',#3724,10.);
#1009=VECTOR('',#3733,10.);
#1010=VECTOR('',#3734,10.);
#1011=VECTOR('',#3737,10.);
#1012=VECTOR('',#3738,10.);
#1013=VECTOR('',#3743,10.);
#1014=VECTOR('',#3746,10.);
#1015=VECTOR('',#3755,10.);
#1016=VECTOR('',#3758,10.);
#1017=VECTOR('',#3761,10.);
#1018=VECTOR('',#3762,10.);
#1019=VECTOR('',#3771,10.);
#1020=VECTOR('',#3772,10.);
#1021=VECTOR('',#3775,10.);
#1022=VECTOR('',#3784,10.);
#1023=VECTOR('',#3785,10.);
#1024=VECTOR('',#3790,10.);
#1025=VECTOR('',#3791,10.);
#1026=VECTOR('',#3794,10.);
#1027=VECTOR('',#3797,10.);
#1028=VECTOR('',#3806,10.);
#1029=VECTOR('',#3809,10.);
#1030=VECTOR('',#3812,10.);
#1031=VECTOR('',#3813,10.);
#1032=VERTEX_POINT('',#3822);
#1033=VERTEX_POINT('',#3823);
#1034=VERTEX_POINT('',#3825);
#1035=VERTEX_POINT('',#3827);
#1036=VERTEX_POINT('',#3829);
#1037=VERTEX_POINT('',#3831);
#1038=VERTEX_POINT('',#3833);
#1039=VERTEX_POINT('',#3835);
#1040=VERTEX_POINT('',#3839);
#1041=VERTEX_POINT('',#3841);
#1042=VERTEX_POINT('',#3845);
#1043=VERTEX_POINT('',#3846);
#1044=VERTEX_POINT('',#3848);
#1045=VERTEX_POINT('',#3850);
#1046=VERTEX_POINT('',#3852);
#1047=VERTEX_POINT('',#3855);
#1048=VERTEX_POINT('',#3859);
#1049=VERTEX_POINT('',#3861);
#1050=VERTEX_POINT('',#3865);
#1051=VERTEX_POINT('',#3867);
#1052=VERTEX_POINT('',#3871);
#1053=VERTEX_POINT('',#3873);
#1054=VERTEX_POINT('',#3875);
#1055=VERTEX_POINT('',#3877);
#1056=VERTEX_POINT('',#3879);
#1057=VERTEX_POINT('',#3881);
#1058=VERTEX_POINT('',#3883);
#1059=VERTEX_POINT('',#3885);
#1060=VERTEX_POINT('',#3887);
#1061=VERTEX_POINT('',#3889);
#1062=VERTEX_POINT('',#3891);
#1063=VERTEX_POINT('',#3893);
#1064=VERTEX_POINT('',#3895);
#1065=VERTEX_POINT('',#3897);
#1066=VERTEX_POINT('',#3901);
#1067=VERTEX_POINT('',#3903);
#1068=VERTEX_POINT('',#3905);
#1069=VERTEX_POINT('',#3907);
#1070=VERTEX_POINT('',#3925);
#1071=VERTEX_POINT('',#3927);
#1072=VERTEX_POINT('',#3931);
#1073=VERTEX_POINT('',#3935);
#1074=VERTEX_POINT('',#3937);
#1075=VERTEX_POINT('',#3939);
#1076=VERTEX_POINT('',#3941);
#1077=VERTEX_POINT('',#3943);
#1078=VERTEX_POINT('',#3945);
#1079=VERTEX_POINT('',#3947);
#1080=VERTEX_POINT('',#3949);
#1081=VERTEX_POINT('',#3951);
#1082=VERTEX_POINT('',#3953);
#1083=VERTEX_POINT('',#3955);
#1084=VERTEX_POINT('',#3963);
#1085=VERTEX_POINT('',#3964);
#1086=VERTEX_POINT('',#3966);
#1087=VERTEX_POINT('',#3968);
#1088=VERTEX_POINT('',#3972);
#1089=VERTEX_POINT('',#3974);
#1090=VERTEX_POINT('',#3978);
#1091=VERTEX_POINT('',#3980);
#1092=VERTEX_POINT('',#3984);
#1093=VERTEX_POINT('',#3985);
#1094=VERTEX_POINT('',#3987);
#1095=VERTEX_POINT('',#3989);
#1096=VERTEX_POINT('',#3993);
#1097=VERTEX_POINT('',#3995);
#1098=VERTEX_POINT('',#3999);
#1099=VERTEX_POINT('',#4001);
#1100=VERTEX_POINT('',#4008);
#1101=VERTEX_POINT('',#4009);
#1102=VERTEX_POINT('',#4011);
#1103=VERTEX_POINT('',#4013);
#1104=VERTEX_POINT('',#4017);
#1105=VERTEX_POINT('',#4019);
#1106=VERTEX_POINT('',#4023);
#1107=VERTEX_POINT('',#4025);
#1108=VERTEX_POINT('',#4029);
#1109=VERTEX_POINT('',#4031);
#1110=VERTEX_POINT('',#4038);
#1111=VERTEX_POINT('',#4039);
#1112=VERTEX_POINT('',#4046);
#1113=VERTEX_POINT('',#4048);
#1114=VERTEX_POINT('',#4050);
#1115=VERTEX_POINT('',#4055);
#1116=VERTEX_POINT('',#4057);
#1117=VERTEX_POINT('',#4059);
#1118=VERTEX_POINT('',#4061);
#1119=VERTEX_POINT('',#4064);
#1120=VERTEX_POINT('',#4066);
#1121=VERTEX_POINT('',#4068);
#1122=VERTEX_POINT('',#4070);
#1123=VERTEX_POINT('',#4072);
#1124=VERTEX_POINT('',#4074);
#1125=VERTEX_POINT('',#4076);
#1126=VERTEX_POINT('',#4079);
#1127=VERTEX_POINT('',#4080);
#1128=VERTEX_POINT('',#4083);
#1129=VERTEX_POINT('',#4084);
#1130=VERTEX_POINT('',#4088);
#1131=VERTEX_POINT('',#4089);
#1132=VERTEX_POINT('',#4091);
#1133=VERTEX_POINT('',#4093);
#1134=VERTEX_POINT('',#4097);
#1135=VERTEX_POINT('',#4099);
#1136=VERTEX_POINT('',#4103);
#1137=VERTEX_POINT('',#4114);
#1138=VERTEX_POINT('',#4125);
#1139=VERTEX_POINT('',#4129);
#1140=VERTEX_POINT('',#4131);
#1141=VERTEX_POINT('',#4133);
#1142=VERTEX_POINT('',#4161);
#1143=VERTEX_POINT('',#4163);
#1144=VERTEX_POINT('',#4176);
#1145=VERTEX_POINT('',#4177);
#1146=VERTEX_POINT('',#4179);
#1147=VERTEX_POINT('',#4181);
#1148=VERTEX_POINT('',#4185);
#1149=VERTEX_POINT('',#4187);
#1150=VERTEX_POINT('',#4191);
#1151=VERTEX_POINT('',#4193);
#1152=VERTEX_POINT('',#4195);
#1153=VERTEX_POINT('',#4217);
#1154=VERTEX_POINT('',#4228);
#1155=VERTEX_POINT('',#4239);
#1156=VERTEX_POINT('',#4249);
#1157=VERTEX_POINT('',#4251);
#1158=VERTEX_POINT('',#4264);
#1159=VERTEX_POINT('',#4266);
#1160=VERTEX_POINT('',#4268);
#1161=VERTEX_POINT('',#4270);
#1162=VERTEX_POINT('',#4272);
#1163=VERTEX_POINT('',#4274);
#1164=VERTEX_POINT('',#4276);
#1165=VERTEX_POINT('',#4278);
#1166=VERTEX_POINT('',#4281);
#1167=VERTEX_POINT('',#4283);
#1168=VERTEX_POINT('',#4285);
#1169=VERTEX_POINT('',#4287);
#1170=VERTEX_POINT('',#4289);
#1171=VERTEX_POINT('',#4291);
#1172=VERTEX_POINT('',#4293);
#1173=VERTEX_POINT('',#4295);
#1174=VERTEX_POINT('',#4297);
#1175=VERTEX_POINT('',#4299);
#1176=VERTEX_POINT('',#4302);
#1177=VERTEX_POINT('',#4304);
#1178=VERTEX_POINT('',#4306);
#1179=VERTEX_POINT('',#4308);
#1180=VERTEX_POINT('',#4311);
#1181=VERTEX_POINT('',#4313);
#1182=VERTEX_POINT('',#4315);
#1183=VERTEX_POINT('',#4317);
#1184=VERTEX_POINT('',#4319);
#1185=VERTEX_POINT('',#4321);
#1186=VERTEX_POINT('',#4323);
#1187=VERTEX_POINT('',#4325);
#1188=VERTEX_POINT('',#4327);
#1189=VERTEX_POINT('',#4329);
#1190=VERTEX_POINT('',#4331);
#1191=VERTEX_POINT('',#4333);
#1192=VERTEX_POINT('',#4339);
#1193=VERTEX_POINT('',#4341);
#1194=VERTEX_POINT('',#4344);
#1195=VERTEX_POINT('',#4346);
#1196=VERTEX_POINT('',#4349);
#1197=VERTEX_POINT('',#4351);
#1198=VERTEX_POINT('',#4357);
#1199=VERTEX_POINT('',#4359);
#1200=VERTEX_POINT('',#4363);
#1201=VERTEX_POINT('',#4365);
#1202=VERTEX_POINT('',#4369);
#1203=VERTEX_POINT('',#4371);
#1204=VERTEX_POINT('',#4375);
#1205=VERTEX_POINT('',#4378);
#1206=VERTEX_POINT('',#4381);
#1207=VERTEX_POINT('',#4386);
#1208=VERTEX_POINT('',#4392);
#1209=VERTEX_POINT('',#4394);
#1210=VERTEX_POINT('',#4398);
#1211=VERTEX_POINT('',#4400);
#1212=VERTEX_POINT('',#4409);
#1213=VERTEX_POINT('',#4411);
#1214=VERTEX_POINT('',#4415);
#1215=VERTEX_POINT('',#4417);
#1216=VERTEX_POINT('',#4426);
#1217=VERTEX_POINT('',#4428);
#1218=VERTEX_POINT('',#4439);
#1219=VERTEX_POINT('',#4443);
#1220=VERTEX_POINT('',#4447);
#1221=VERTEX_POINT('',#4451);
#1222=VERTEX_POINT('',#4455);
#1223=VERTEX_POINT('',#4456);
#1224=VERTEX_POINT('',#4473);
#1225=VERTEX_POINT('',#4474);
#1226=VERTEX_POINT('',#4476);
#1227=VERTEX_POINT('',#4487);
#1228=VERTEX_POINT('',#4489);
#1229=VERTEX_POINT('',#4493);
#1230=VERTEX_POINT('',#4495);
#1231=VERTEX_POINT('',#4497);
#1232=VERTEX_POINT('',#4510);
#1233=VERTEX_POINT('',#4512);
#1234=VERTEX_POINT('',#4514);
#1235=VERTEX_POINT('',#4518);
#1236=VERTEX_POINT('',#4520);
#1237=VERTEX_POINT('',#4524);
#1238=VERTEX_POINT('',#4526);
#1239=VERTEX_POINT('',#4530);
#1240=VERTEX_POINT('',#4573);
#1241=VERTEX_POINT('',#4575);
#1242=VERTEX_POINT('',#4579);
#1243=VERTEX_POINT('',#4583);
#1244=VERTEX_POINT('',#4587);
#1245=VERTEX_POINT('',#4591);
#1246=VERTEX_POINT('',#4595);
#1247=VERTEX_POINT('',#4599);
#1248=VERTEX_POINT('',#4619);
#1249=VERTEX_POINT('',#4621);
#1250=VERTEX_POINT('',#4623);
#1251=VERTEX_POINT('',#4625);
#1252=VERTEX_POINT('',#4660);
#1253=VERTEX_POINT('',#4661);
#1254=VERTEX_POINT('',#4672);
#1255=VERTEX_POINT('',#4683);
#1256=VERTEX_POINT('',#4685);
#1257=VERTEX_POINT('',#4687);
#1258=VERTEX_POINT('',#4691);
#1259=VERTEX_POINT('',#4692);
#1260=VERTEX_POINT('',#4704);
#1261=VERTEX_POINT('',#4717);
#1262=VERTEX_POINT('',#4721);
#1263=VERTEX_POINT('',#4723);
#1264=VERTEX_POINT('',#4733);
#1265=VERTEX_POINT('',#4734);
#1266=VERTEX_POINT('',#4736);
#1267=VERTEX_POINT('',#4738);
#1268=VERTEX_POINT('',#4754);
#1269=VERTEX_POINT('',#4755);
#1270=VERTEX_POINT('',#4766);
#1271=VERTEX_POINT('',#4768);
#1272=VERTEX_POINT('',#4770);
#1273=VERTEX_POINT('',#4772);
#1274=VERTEX_POINT('',#4785);
#1275=VERTEX_POINT('',#4786);
#1276=VERTEX_POINT('',#4797);
#1277=VERTEX_POINT('',#4811);
#1278=VERTEX_POINT('',#4815);
#1279=VERTEX_POINT('',#4817);
#1280=VERTEX_POINT('',#4827);
#1281=VERTEX_POINT('',#4828);
#1282=VERTEX_POINT('',#4830);
#1283=VERTEX_POINT('',#4832);
#1284=EDGE_CURVE('',#1032,#1033,#614,.T.);
#1285=EDGE_CURVE('',#1034,#1032,#615,.T.);
#1286=EDGE_CURVE('',#1035,#1034,#616,.T.);
#1287=EDGE_CURVE('',#1035,#1036,#617,.T.);
#1288=EDGE_CURVE('',#1037,#1036,#618,.T.);
#1289=EDGE_CURVE('',#1038,#1037,#619,.T.);
#1290=EDGE_CURVE('',#1039,#1038,#620,.T.);
#1291=EDGE_CURVE('',#1033,#1039,#465,.T.);
#1292=EDGE_CURVE('',#1036,#1040,#621,.T.);
#1293=EDGE_CURVE('',#1041,#1035,#622,.T.);
#1294=EDGE_CURVE('',#1041,#1040,#623,.T.);
#1295=EDGE_CURVE('',#1042,#1043,#624,.T.);
#1296=EDGE_CURVE('',#1044,#1042,#466,.T.);
#1297=EDGE_CURVE('',#1045,#1044,#625,.T.);
#1298=EDGE_CURVE('',#1046,#1045,#626,.T.);
#1299=EDGE_CURVE('',#1040,#1046,#627,.T.);
#1300=EDGE_CURVE('',#1047,#1041,#628,.T.);
#1301=EDGE_CURVE('',#1043,#1047,#629,.T.);
#1302=EDGE_CURVE('',#1047,#1048,#630,.F.);
#1303=EDGE_CURVE('',#1049,#1048,#631,.T.);
#1304=EDGE_CURVE('',#1049,#1043,#632,.T.);
#1305=EDGE_CURVE('',#1032,#1050,#633,.T.);
#1306=EDGE_CURVE('',#1050,#1051,#634,.T.);
#1307=EDGE_CURVE('',#1051,#1034,#635,.F.);
#1308=EDGE_CURVE('',#1046,#1052,#636,.T.);
#1309=EDGE_CURVE('',#1052,#1053,#467,.T.);
#1310=EDGE_CURVE('',#1053,#1054,#637,.T.);
#1311=EDGE_CURVE('',#1054,#1055,#468,.T.);
#1312=EDGE_CURVE('',#1055,#1056,#638,.T.);
#1313=EDGE_CURVE('',#1056,#1057,#639,.T.);
#1314=EDGE_CURVE('',#1057,#1058,#469,.T.);
#1315=EDGE_CURVE('',#1058,#1059,#640,.T.);
#1316=EDGE_CURVE('',#1059,#1060,#470,.T.);
#1317=EDGE_CURVE('',#1060,#1061,#641,.T.);
#1318=EDGE_CURVE('',#1061,#1062,#471,.T.);
#1319=EDGE_CURVE('',#1062,#1063,#642,.T.);
#1320=EDGE_CURVE('',#1063,#1064,#643,.T.);
#1321=EDGE_CURVE('',#1064,#1065,#472,.T.);
#1322=EDGE_CURVE('',#1065,#1037,#644,.T.);
#1323=EDGE_CURVE('',#1066,#1042,#645,.T.);
#1324=EDGE_CURVE('',#1066,#1067,#473,.T.);
#1325=EDGE_CURVE('',#1067,#1068,#646,.T.);
#1326=EDGE_CURVE('',#1068,#1069,#66,.T.);
#1327=EDGE_CURVE('',#1069,#1044,#647,.T.);
#1328=EDGE_CURVE('',#1039,#1070,#648,.T.);
#1329=EDGE_CURVE('',#1071,#1070,#474,.T.);
#1330=EDGE_CURVE('',#1033,#1071,#649,.T.);
#1331=EDGE_CURVE('',#1069,#1072,#475,.T.);
#1332=EDGE_CURVE('',#1072,#1045,#650,.T.);
#1333=EDGE_CURVE('',#1038,#1073,#651,.T.);
#1334=EDGE_CURVE('',#1073,#1074,#476,.T.);
#1335=EDGE_CURVE('',#1074,#1075,#652,.T.);
#1336=EDGE_CURVE('',#1075,#1076,#653,.T.);
#1337=EDGE_CURVE('',#1076,#1077,#477,.T.);
#1338=EDGE_CURVE('',#1077,#1078,#654,.T.);
#1339=EDGE_CURVE('',#1078,#1079,#478,.T.);
#1340=EDGE_CURVE('',#1080,#1079,#655,.T.);
#1341=EDGE_CURVE('',#1081,#1080,#479,.T.);
#1342=EDGE_CURVE('',#1082,#1081,#656,.T.);
#1343=EDGE_CURVE('',#1083,#1082,#657,.T.);
#1344=EDGE_CURVE('',#1070,#1083,#480,.T.);
#1345=EDGE_CURVE('',#1052,#1072,#658,.T.);
#1346=EDGE_CURVE('',#1065,#1073,#659,.T.);
#1347=EDGE_CURVE('',#1084,#1085,#660,.T.);
#1348=EDGE_CURVE('',#1084,#1086,#481,.T.);
#1349=EDGE_CURVE('',#1086,#1087,#661,.T.);
#1350=EDGE_CURVE('',#1085,#1087,#482,.T.);
#1351=EDGE_CURVE('',#1088,#1088,#483,.T.);
#1352=EDGE_CURVE('',#1088,#1089,#662,.T.);
#1353=EDGE_CURVE('',#1089,#1089,#484,.T.);
#1354=EDGE_CURVE('',#1090,#1090,#485,.T.);
#1355=EDGE_CURVE('',#1090,#1091,#663,.T.);
#1356=EDGE_CURVE('',#1091,#1091,#486,.T.);
#1357=EDGE_CURVE('',#1092,#1093,#487,.T.);
#1358=EDGE_CURVE('',#1092,#1094,#664,.T.);
#1359=EDGE_CURVE('',#1095,#1094,#488,.T.);
#1360=EDGE_CURVE('',#1093,#1095,#665,.T.);
#1361=EDGE_CURVE('',#1093,#1096,#489,.T.);
#1362=EDGE_CURVE('',#1097,#1095,#490,.T.);
#1363=EDGE_CURVE('',#1096,#1097,#666,.T.);
#1364=EDGE_CURVE('',#1098,#1096,#491,.T.);
#1365=EDGE_CURVE('',#1099,#1097,#492,.T.);
#1366=EDGE_CURVE('',#1098,#1099,#667,.T.);
#1367=EDGE_CURVE('',#1098,#1086,#493,.T.);
#1368=EDGE_CURVE('',#1087,#1099,#494,.T.);
#1369=EDGE_CURVE('',#1100,#1101,#668,.T.);
#1370=EDGE_CURVE('',#1102,#1100,#495,.T.);
#1371=EDGE_CURVE('',#1103,#1102,#669,.T.);
#1372=EDGE_CURVE('',#1103,#1101,#496,.T.);
#1373=EDGE_CURVE('',#1103,#1104,#497,.T.);
#1374=EDGE_CURVE('',#1105,#1102,#498,.T.);
#1375=EDGE_CURVE('',#1104,#1105,#670,.T.);
#1376=EDGE_CURVE('',#1106,#1104,#499,.T.);
#1377=EDGE_CURVE('',#1107,#1105,#500,.T.);
#1378=EDGE_CURVE('',#1106,#1107,#671,.T.);
#1379=EDGE_CURVE('',#1106,#1108,#501,.T.);
#1380=EDGE_CURVE('',#1109,#1107,#502,.T.);
#1381=EDGE_CURVE('',#1108,#1109,#672,.T.);
#1382=EDGE_CURVE('',#1108,#1050,#503,.T.);
#1383=EDGE_CURVE('',#1051,#1109,#504,.T.);
#1384=EDGE_CURVE('',#1110,#1111,#67,.F.);
#1385=EDGE_CURVE('',#1111,#1112,#673,.F.);
#1386=EDGE_CURVE('',#1112,#1113,#505,.T.);
#1387=EDGE_CURVE('',#1113,#1114,#674,.T.);
#1388=EDGE_CURVE('',#1110,#1114,#506,.F.);
#1389=EDGE_CURVE('',#1085,#1100,#675,.T.);
#1390=EDGE_CURVE('',#1115,#1094,#676,.F.);
#1391=EDGE_CURVE('',#1116,#1115,#507,.T.);
#1392=EDGE_CURVE('',#1117,#1116,#508,.T.);
#1393=EDGE_CURVE('',#1118,#1117,#509,.T.);
#1394=EDGE_CURVE('',#1118,#1113,#510,.F.);
#1395=EDGE_CURVE('',#1119,#1112,#677,.T.);
#1396=EDGE_CURVE('',#1119,#1120,#511,.F.);
#1397=EDGE_CURVE('',#1121,#1120,#678,.T.);
#1398=EDGE_CURVE('',#1121,#1122,#512,.F.);
#1399=EDGE_CURVE('',#1123,#1122,#513,.T.);
#1400=EDGE_CURVE('',#1124,#1123,#514,.T.);
#1401=EDGE_CURVE('',#1124,#1125,#515,.F.);
#1402=EDGE_CURVE('',#1048,#1125,#516,.T.);
#1403=EDGE_CURVE('',#1126,#1127,#679,.T.);
#1404=EDGE_CURVE('',#1126,#1127,#517,.T.);
#1405=EDGE_CURVE('',#1128,#1129,#680,.T.);
#1406=EDGE_CURVE('',#1129,#1128,#518,.T.);
#1407=EDGE_CURVE('',#1130,#1131,#519,.T.);
#1408=EDGE_CURVE('',#1132,#1130,#681,.T.);
#1409=EDGE_CURVE('',#1133,#1132,#520,.T.);
#1410=EDGE_CURVE('',#1131,#1133,#682,.T.);
#1411=EDGE_CURVE('',#1134,#1133,#683,.T.);
#1412=EDGE_CURVE('',#1134,#1135,#521,.T.);
#1413=EDGE_CURVE('',#1131,#1135,#684,.T.);
#1414=EDGE_CURVE('',#1135,#1136,#68,.T.);
#1415=EDGE_CURVE('',#1136,#1137,#69,.T.);
#1416=EDGE_CURVE('',#1138,#1137,#685,.T.);
#1417=EDGE_CURVE('',#1138,#1130,#686,.T.);
#1418=EDGE_CURVE('',#1139,#1132,#687,.T.);
#1419=EDGE_CURVE('',#1139,#1140,#688,.T.);
#1420=EDGE_CURVE('',#1140,#1141,#70,.T.);
#1421=EDGE_CURVE('',#1141,#1134,#71,.T.);
#1422=EDGE_CURVE('',#1137,#1140,#522,.T.);
#1423=EDGE_CURVE('',#1138,#1139,#689,.T.);
#1424=EDGE_CURVE('',#1139,#1138,#523,.T.);
#1425=EDGE_CURVE('',#1142,#1126,#690,.T.);
#1426=EDGE_CURVE('',#1143,#1142,#691,.T.);
#1427=EDGE_CURVE('',#1127,#1143,#692,.T.);
#1428=EDGE_CURVE('',#1143,#1138,#30,.T.);
#1429=EDGE_CURVE('',#1142,#1139,#31,.T.);
#1430=EDGE_CURVE('',#1142,#1143,#524,.T.);
#1431=EDGE_CURVE('',#1144,#1145,#525,.T.);
#1432=EDGE_CURVE('',#1145,#1146,#693,.T.);
#1433=EDGE_CURVE('',#1146,#1147,#526,.T.);
#1434=EDGE_CURVE('',#1147,#1144,#694,.T.);
#1435=EDGE_CURVE('',#1145,#1148,#695,.T.);
#1436=EDGE_CURVE('',#1149,#1148,#527,.T.);
#1437=EDGE_CURVE('',#1149,#1146,#696,.T.);
#1438=EDGE_CURVE('',#1150,#1144,#697,.T.);
#1439=EDGE_CURVE('',#1150,#1151,#698,.T.);
#1440=EDGE_CURVE('',#1152,#1151,#72,.T.);
#1441=EDGE_CURVE('',#1148,#1152,#73,.T.);
#1442=EDGE_CURVE('',#1153,#1149,#74,.T.);
#1443=EDGE_CURVE('',#1154,#1153,#75,.T.);
#1444=EDGE_CURVE('',#1155,#1154,#699,.T.);
#1445=EDGE_CURVE('',#1155,#1147,#700,.T.);
#1446=EDGE_CURVE('',#1151,#1154,#528,.T.);
#1447=EDGE_CURVE('',#1150,#1155,#701,.T.);
#1448=EDGE_CURVE('',#1155,#1150,#529,.T.);
#1449=EDGE_CURVE('',#1156,#1129,#702,.T.);
#1450=EDGE_CURVE('',#1156,#1157,#703,.T.);
#1451=EDGE_CURVE('',#1128,#1157,#704,.T.);
#1452=EDGE_CURVE('',#1157,#1155,#32,.T.);
#1453=EDGE_CURVE('',#1156,#1150,#33,.T.);
#1454=EDGE_CURVE('',#1156,#1157,#530,.T.);
#1455=EDGE_CURVE('',#1071,#1158,#531,.T.);
#1456=EDGE_CURVE('',#1158,#1159,#705,.T.);
#1457=EDGE_CURVE('',#1159,#1160,#706,.T.);
#1458=EDGE_CURVE('',#1160,#1161,#532,.T.);
#1459=EDGE_CURVE('',#1161,#1162,#707,.T.);
#1460=EDGE_CURVE('',#1162,#1163,#533,.T.);
#1461=EDGE_CURVE('',#1163,#1164,#708,.T.);
#1462=EDGE_CURVE('',#1164,#1165,#709,.T.);
#1463=EDGE_CURVE('',#1165,#1066,#534,.T.);
#1464=EDGE_CURVE('',#1166,#1049,#535,.T.);
#1465=EDGE_CURVE('',#1167,#1166,#536,.T.);
#1466=EDGE_CURVE('',#1168,#1167,#537,.T.);
#1467=EDGE_CURVE('',#1168,#1169,#538,.F.);
#1468=EDGE_CURVE('',#1170,#1169,#539,.T.);
#1469=EDGE_CURVE('',#1171,#1170,#540,.T.);
#1470=EDGE_CURVE('',#1172,#1171,#541,.T.);
#1471=EDGE_CURVE('',#1173,#1172,#710,.T.);
#1472=EDGE_CURVE('',#1174,#1173,#711,.T.);
#1473=EDGE_CURVE('',#1175,#1174,#542,.T.);
#1474=EDGE_CURVE('',#1110,#1175,#543,.T.);
#1475=EDGE_CURVE('',#1176,#1114,#544,.T.);
#1476=EDGE_CURVE('',#1177,#1176,#545,.T.);
#1477=EDGE_CURVE('',#1177,#1178,#546,.F.);
#1478=EDGE_CURVE('',#1179,#1178,#547,.T.);
#1479=EDGE_CURVE('',#1092,#1179,#712,.T.);
#1480=EDGE_CURVE('',#1180,#1084,#713,.T.);
#1481=EDGE_CURVE('',#1180,#1181,#714,.T.);
#1482=EDGE_CURVE('',#1182,#1181,#715,.T.);
#1483=EDGE_CURVE('',#1182,#1183,#716,.T.);
#1484=EDGE_CURVE('',#1184,#1183,#717,.T.);
#1485=EDGE_CURVE('',#1184,#1185,#718,.T.);
#1486=EDGE_CURVE('',#1186,#1185,#719,.T.);
#1487=EDGE_CURVE('',#1186,#1187,#720,.T.);
#1488=EDGE_CURVE('',#1188,#1187,#721,.T.);
#1489=EDGE_CURVE('',#1188,#1189,#722,.T.);
#1490=EDGE_CURVE('',#1190,#1189,#723,.T.);
#1491=EDGE_CURVE('',#1190,#1191,#724,.T.);
#1492=EDGE_CURVE('',#1101,#1191,#725,.T.);
#1493=EDGE_CURVE('',#1143,#1142,#548,.T.);
#1494=EDGE_CURVE('',#1157,#1156,#549,.T.);
#1495=EDGE_CURVE('',#1191,#1192,#726,.T.);
#1496=EDGE_CURVE('',#1192,#1193,#727,.T.);
#1497=EDGE_CURVE('',#1193,#1188,#728,.T.);
#1498=EDGE_CURVE('',#1187,#1194,#729,.T.);
#1499=EDGE_CURVE('',#1194,#1195,#730,.T.);
#1500=EDGE_CURVE('',#1195,#1184,#731,.T.);
#1501=EDGE_CURVE('',#1183,#1196,#732,.T.);
#1502=EDGE_CURVE('',#1196,#1197,#733,.T.);
#1503=EDGE_CURVE('',#1197,#1180,#734,.T.);
#1504=EDGE_CURVE('',#1115,#1179,#735,.T.);
#1505=EDGE_CURVE('',#1181,#1198,#550,.T.);
#1506=EDGE_CURVE('',#1198,#1199,#736,.T.);
#1507=EDGE_CURVE('',#1182,#1199,#551,.F.);
#1508=EDGE_CURVE('',#1189,#1200,#552,.T.);
#1509=EDGE_CURVE('',#1200,#1201,#737,.T.);
#1510=EDGE_CURVE('',#1190,#1201,#553,.F.);
#1511=EDGE_CURVE('',#1185,#1202,#554,.T.);
#1512=EDGE_CURVE('',#1202,#1203,#738,.T.);
#1513=EDGE_CURVE('',#1186,#1203,#555,.F.);
#1514=EDGE_CURVE('',#1195,#1204,#739,.T.);
#1515=EDGE_CURVE('',#1204,#1202,#556,.T.);
#1516=EDGE_CURVE('',#1205,#1205,#557,.T.);
#1517=EDGE_CURVE('',#1206,#1194,#740,.T.);
#1518=EDGE_CURVE('',#1206,#1204,#741,.T.);
#1519=EDGE_CURVE('',#1203,#1206,#558,.T.);
#1520=EDGE_CURVE('',#1207,#1207,#559,.T.);
#1521=EDGE_CURVE('',#1205,#1207,#742,.T.);
#1522=EDGE_CURVE('',#1208,#1208,#560,.T.);
#1523=EDGE_CURVE('',#1208,#1209,#743,.T.);
#1524=EDGE_CURVE('',#1209,#1209,#561,.T.);
#1525=EDGE_CURVE('',#1193,#1210,#744,.T.);
#1526=EDGE_CURVE('',#1192,#1211,#745,.T.);
#1527=EDGE_CURVE('',#1210,#1211,#746,.T.);
#1528=EDGE_CURVE('',#1210,#1200,#562,.T.);
#1529=EDGE_CURVE('',#1211,#1201,#563,.T.);
#1530=EDGE_CURVE('',#1212,#1212,#564,.T.);
#1531=EDGE_CURVE('',#1212,#1213,#747,.T.);
#1532=EDGE_CURVE('',#1213,#1213,#565,.T.);
#1533=EDGE_CURVE('',#1196,#1214,#748,.T.);
#1534=EDGE_CURVE('',#1214,#1215,#749,.T.);
#1535=EDGE_CURVE('',#1197,#1215,#750,.T.);
#1536=EDGE_CURVE('',#1215,#1198,#566,.T.);
#1537=EDGE_CURVE('',#1214,#1199,#567,.T.);
#1538=EDGE_CURVE('',#1175,#1216,#568,.T.);
#1539=EDGE_CURVE('',#1216,#1217,#569,.T.);
#1540=EDGE_CURVE('',#1217,#1111,#76,.T.);
#1541=EDGE_CURVE('',#1174,#1218,#570,.T.);
#1542=EDGE_CURVE('',#1218,#1216,#571,.T.);
#1543=EDGE_CURVE('',#1219,#1218,#751,.T.);
#1544=EDGE_CURVE('',#1173,#1219,#21,.T.);
#1545=EDGE_CURVE('',#1172,#1220,#572,.T.);
#1546=EDGE_CURVE('',#1220,#1219,#752,.T.);
#1547=EDGE_CURVE('',#1171,#1221,#573,.T.);
#1548=EDGE_CURVE('',#1221,#1220,#574,.T.);
#1549=EDGE_CURVE('',#1222,#1223,#77,.F.);
#1550=EDGE_CURVE('',#1222,#1221,#575,.T.);
#1551=EDGE_CURVE('',#1170,#1223,#78,.T.);
#1552=EDGE_CURVE('',#1224,#1225,#22,.T.);
#1553=EDGE_CURVE('',#1224,#1226,#79,.T.);
#1554=EDGE_CURVE('',#1226,#1227,#753,.T.);
#1555=EDGE_CURVE('',#1227,#1228,#576,.T.);
#1556=EDGE_CURVE('',#1228,#1225,#754,.T.);
#1557=EDGE_CURVE('',#1225,#1229,#755,.T.);
#1558=EDGE_CURVE('',#1229,#1230,#577,.T.);
#1559=EDGE_CURVE('',#1230,#1231,#756,.T.);
#1560=EDGE_CURVE('',#1231,#1224,#80,.T.);
#1561=EDGE_CURVE('',#1232,#1229,#578,.T.);
#1562=EDGE_CURVE('',#1229,#1233,#579,.T.);
#1563=EDGE_CURVE('',#1233,#1234,#580,.T.);
#1564=EDGE_CURVE('',#1234,#1232,#581,.T.);
#1565=EDGE_CURVE('',#1235,#1234,#757,.T.);
#1566=EDGE_CURVE('',#1233,#1236,#758,.T.);
#1567=EDGE_CURVE('',#1236,#1235,#23,.T.);
#1568=EDGE_CURVE('',#1236,#1237,#759,.T.);
#1569=EDGE_CURVE('',#1237,#1238,#582,.T.);
#1570=EDGE_CURVE('',#1238,#1235,#760,.T.);
#1571=EDGE_CURVE('',#1228,#1239,#583,.T.);
#1572=EDGE_CURVE('',#1239,#1238,#584,.T.);
#1573=EDGE_CURVE('',#1237,#1228,#585,.T.);
#1574=EDGE_CURVE('',#1227,#1239,#586,.T.);
#1575=EDGE_CURVE('',#1232,#1230,#587,.T.);
#1576=EDGE_CURVE('',#1120,#1231,#761,.T.);
#1577=EDGE_CURVE('',#1226,#1119,#762,.T.);
#1578=EDGE_CURVE('',#1222,#1230,#763,.T.);
#1579=EDGE_CURVE('',#1223,#1121,#764,.T.);
#1580=EDGE_CURVE('',#1232,#1221,#765,.T.);
#1581=EDGE_CURVE('',#1234,#1220,#766,.T.);
#1582=EDGE_CURVE('',#1216,#1239,#767,.T.);
#1583=EDGE_CURVE('',#1227,#1217,#768,.T.);
#1584=EDGE_CURVE('',#1235,#1219,#769,.T.);
#1585=EDGE_CURVE('',#1218,#1238,#770,.T.);
#1586=EDGE_CURVE('',#1169,#1122,#771,.T.);
#1587=EDGE_CURVE('',#1168,#1123,#772,.T.);
#1588=EDGE_CURVE('',#1078,#1060,#773,.T.);
#1589=EDGE_CURVE('',#1061,#1077,#774,.T.);
#1590=EDGE_CURVE('',#1062,#1076,#775,.T.);
#1591=EDGE_CURVE('',#1063,#1075,#776,.T.);
#1592=EDGE_CURVE('',#1064,#1074,#777,.T.);
#1593=EDGE_CURVE('',#1240,#1053,#778,.T.);
#1594=EDGE_CURVE('',#1241,#1240,#779,.T.);
#1595=EDGE_CURVE('',#1054,#1241,#780,.T.);
#1596=EDGE_CURVE('',#1242,#1241,#588,.T.);
#1597=EDGE_CURVE('',#1055,#1242,#781,.T.);
#1598=EDGE_CURVE('',#1243,#1242,#782,.T.);
#1599=EDGE_CURVE('',#1056,#1243,#783,.F.);
#1600=EDGE_CURVE('',#1244,#1243,#784,.T.);
#1601=EDGE_CURVE('',#1057,#1244,#785,.T.);
#1602=EDGE_CURVE('',#1245,#1244,#589,.T.);
#1603=EDGE_CURVE('',#1058,#1245,#786,.T.);
#1604=EDGE_CURVE('',#1059,#1246,#787,.T.);
#1605=EDGE_CURVE('',#1246,#1245,#788,.T.);
#1606=EDGE_CURVE('',#1079,#1247,#81,.T.);
#1607=EDGE_CURVE('',#1247,#1246,#590,.T.);
#1608=EDGE_CURVE('',#1240,#1068,#591,.T.);
#1609=EDGE_CURVE('',#1247,#1248,#789,.T.);
#1610=EDGE_CURVE('',#1249,#1067,#592,.T.);
#1611=EDGE_CURVE('',#1250,#1249,#790,.T.);
#1612=EDGE_CURVE('',#1251,#1250,#791,.T.);
#1613=EDGE_CURVE('',#1248,#1251,#593,.T.);
#1614=EDGE_CURVE('',#1163,#1251,#594,.T.);
#1615=EDGE_CURVE('',#1162,#1248,#595,.T.);
#1616=EDGE_CURVE('',#1161,#1080,#596,.T.);
#1617=EDGE_CURVE('',#1160,#1081,#597,.T.);
#1618=EDGE_CURVE('',#1082,#1159,#24,.T.);
#1619=EDGE_CURVE('',#1158,#1083,#598,.T.);
#1620=EDGE_CURVE('',#1165,#1249,#599,.T.);
#1621=EDGE_CURVE('',#1250,#1164,#25,.T.);
#1622=EDGE_CURVE('',#1125,#1166,#792,.T.);
#1623=EDGE_CURVE('',#1124,#1167,#793,.T.);
#1624=EDGE_CURVE('',#1118,#1176,#794,.T.);
#1625=EDGE_CURVE('',#1177,#1117,#795,.T.);
#1626=EDGE_CURVE('',#1178,#1116,#796,.T.);
#1627=EDGE_CURVE('',#1252,#1253,#82,.T.);
#1628=EDGE_CURVE('',#1254,#1252,#83,.T.);
#1629=EDGE_CURVE('',#1255,#1254,#797,.T.);
#1630=EDGE_CURVE('',#1256,#1255,#600,.T.);
#1631=EDGE_CURVE('',#1257,#1256,#798,.T.);
#1632=EDGE_CURVE('',#1257,#1253,#799,.T.);
#1633=EDGE_CURVE('',#1258,#1259,#84,.T.);
#1634=EDGE_CURVE('',#1259,#1254,#601,.T.);
#1635=EDGE_CURVE('',#1253,#1260,#602,.T.);
#1636=EDGE_CURVE('',#1260,#1258,#85,.T.);
#1637=EDGE_CURVE('',#1259,#1261,#800,.T.);
#1638=EDGE_CURVE('',#1255,#1261,#801,.T.);
#1639=EDGE_CURVE('',#1262,#1260,#802,.T.);
#1640=EDGE_CURVE('',#1262,#1263,#803,.T.);
#1641=EDGE_CURVE('',#1261,#1263,#603,.T.);
#1642=EDGE_CURVE('',#1263,#1256,#804,.T.);
#1643=EDGE_CURVE('',#1257,#1262,#805,.T.);
#1644=EDGE_CURVE('',#1262,#1257,#604,.T.);
#1645=EDGE_CURVE('',#1264,#1265,#605,.T.);
#1646=EDGE_CURVE('',#1266,#1265,#806,.T.);
#1647=EDGE_CURVE('',#1267,#1266,#606,.T.);
#1648=EDGE_CURVE('',#1267,#1264,#807,.T.);
#1649=EDGE_CURVE('',#1265,#1264,#808,.T.);
#1650=EDGE_CURVE('',#1267,#1266,#809,.T.);
#1651=EDGE_CURVE('',#1266,#1262,#34,.T.);
#1652=EDGE_CURVE('',#1267,#1257,#35,.T.);
#1653=EDGE_CURVE('',#1268,#1269,#86,.T.);
#1654=EDGE_CURVE('',#1270,#1269,#810,.T.);
#1655=EDGE_CURVE('',#1270,#1271,#811,.T.);
#1656=EDGE_CURVE('',#1271,#1272,#607,.T.);
#1657=EDGE_CURVE('',#1272,#1273,#812,.T.);
#1658=EDGE_CURVE('',#1273,#1268,#87,.T.);
#1659=EDGE_CURVE('',#1274,#1275,#88,.T.);
#1660=EDGE_CURVE('',#1276,#1274,#89,.T.);
#1661=EDGE_CURVE('',#1269,#1276,#608,.T.);
#1662=EDGE_CURVE('',#1275,#1273,#609,.T.);
#1663=EDGE_CURVE('',#1272,#1277,#813,.T.);
#1664=EDGE_CURVE('',#1275,#1277,#814,.T.);
#1665=EDGE_CURVE('',#1277,#1278,#610,.T.);
#1666=EDGE_CURVE('',#1279,#1278,#815,.T.);
#1667=EDGE_CURVE('',#1279,#1276,#816,.T.);
#1668=EDGE_CURVE('',#1278,#1271,#817,.T.);
#1669=EDGE_CURVE('',#1270,#1279,#818,.T.);
#1670=EDGE_CURVE('',#1279,#1270,#611,.T.);
#1671=EDGE_CURVE('',#1280,#1281,#612,.T.);
#1672=EDGE_CURVE('',#1282,#1280,#819,.T.);
#1673=EDGE_CURVE('',#1282,#1283,#613,.T.);
#1674=EDGE_CURVE('',#1283,#1281,#820,.T.);
#1675=EDGE_CURVE('',#1281,#1280,#821,.T.);
#1676=EDGE_CURVE('',#1282,#1283,#822,.T.);
#1677=EDGE_CURVE('',#1282,#1270,#36,.T.);
#1678=EDGE_CURVE('',#1283,#1279,#37,.T.);
#1679=ORIENTED_EDGE('',*,*,#1284,.F.);
#1680=ORIENTED_EDGE('',*,*,#1285,.F.);
#1681=ORIENTED_EDGE('',*,*,#1286,.F.);
#1682=ORIENTED_EDGE('',*,*,#1287,.T.);
#1683=ORIENTED_EDGE('',*,*,#1288,.F.);
#1684=ORIENTED_EDGE('',*,*,#1289,.F.);
#1685=ORIENTED_EDGE('',*,*,#1290,.F.);
#1686=ORIENTED_EDGE('',*,*,#1291,.F.);
#1687=ORIENTED_EDGE('',*,*,#1292,.F.);
#1688=ORIENTED_EDGE('',*,*,#1287,.F.);
#1689=ORIENTED_EDGE('',*,*,#1293,.F.);
#1690=ORIENTED_EDGE('',*,*,#1294,.T.);
#1691=ORIENTED_EDGE('',*,*,#1295,.F.);
#1692=ORIENTED_EDGE('',*,*,#1296,.F.);
#1693=ORIENTED_EDGE('',*,*,#1297,.F.);
#1694=ORIENTED_EDGE('',*,*,#1298,.F.);
#1695=ORIENTED_EDGE('',*,*,#1299,.F.);
#1696=ORIENTED_EDGE('',*,*,#1294,.F.);
#1697=ORIENTED_EDGE('',*,*,#1300,.F.);
#1698=ORIENTED_EDGE('',*,*,#1301,.F.);
#1699=ORIENTED_EDGE('',*,*,#1301,.T.);
#1700=ORIENTED_EDGE('',*,*,#1302,.T.);
#1701=ORIENTED_EDGE('',*,*,#1303,.F.);
#1702=ORIENTED_EDGE('',*,*,#1304,.T.);
#1703=ORIENTED_EDGE('',*,*,#1285,.T.);
#1704=ORIENTED_EDGE('',*,*,#1305,.T.);
#1705=ORIENTED_EDGE('',*,*,#1306,.T.);
#1706=ORIENTED_EDGE('',*,*,#1307,.T.);
#1707=ORIENTED_EDGE('',*,*,#1288,.T.);
#1708=ORIENTED_EDGE('',*,*,#1292,.T.);
#1709=ORIENTED_EDGE('',*,*,#1299,.T.);
#1710=ORIENTED_EDGE('',*,*,#1308,.T.);
#1711=ORIENTED_EDGE('',*,*,#1309,.T.);
#1712=ORIENTED_EDGE('',*,*,#1310,.T.);
#1713=ORIENTED_EDGE('',*,*,#1311,.T.);
#1714=ORIENTED_EDGE('',*,*,#1312,.T.);
#1715=ORIENTED_EDGE('',*,*,#1313,.T.);
#1716=ORIENTED_EDGE('',*,*,#1314,.T.);
#1717=ORIENTED_EDGE('',*,*,#1315,.T.);
#1718=ORIENTED_EDGE('',*,*,#1316,.T.);
#1719=ORIENTED_EDGE('',*,*,#1317,.T.);
#1720=ORIENTED_EDGE('',*,*,#1318,.T.);
#1721=ORIENTED_EDGE('',*,*,#1319,.T.);
#1722=ORIENTED_EDGE('',*,*,#1320,.T.);
#1723=ORIENTED_EDGE('',*,*,#1321,.T.);
#1724=ORIENTED_EDGE('',*,*,#1322,.T.);
#1725=ORIENTED_EDGE('',*,*,#1296,.T.);
#1726=ORIENTED_EDGE('',*,*,#1323,.F.);
#1727=ORIENTED_EDGE('',*,*,#1324,.T.);
#1728=ORIENTED_EDGE('',*,*,#1325,.T.);
#1729=ORIENTED_EDGE('',*,*,#1326,.T.);
#1730=ORIENTED_EDGE('',*,*,#1327,.T.);
#1731=ORIENTED_EDGE('',*,*,#1291,.T.);
#1732=ORIENTED_EDGE('',*,*,#1328,.T.);
#1733=ORIENTED_EDGE('',*,*,#1329,.F.);
#1734=ORIENTED_EDGE('',*,*,#1330,.F.);
#1735=ORIENTED_EDGE('',*,*,#1297,.T.);
#1736=ORIENTED_EDGE('',*,*,#1327,.F.);
#1737=ORIENTED_EDGE('',*,*,#1331,.T.);
#1738=ORIENTED_EDGE('',*,*,#1332,.T.);
#1739=ORIENTED_EDGE('',*,*,#1290,.T.);
#1740=ORIENTED_EDGE('',*,*,#1333,.T.);
#1741=ORIENTED_EDGE('',*,*,#1334,.T.);
#1742=ORIENTED_EDGE('',*,*,#1335,.T.);
#1743=ORIENTED_EDGE('',*,*,#1336,.T.);
#1744=ORIENTED_EDGE('',*,*,#1337,.T.);
#1745=ORIENTED_EDGE('',*,*,#1338,.T.);
#1746=ORIENTED_EDGE('',*,*,#1339,.T.);
#1747=ORIENTED_EDGE('',*,*,#1340,.F.);
#1748=ORIENTED_EDGE('',*,*,#1341,.F.);
#1749=ORIENTED_EDGE('',*,*,#1342,.F.);
#1750=ORIENTED_EDGE('',*,*,#1343,.F.);
#1751=ORIENTED_EDGE('',*,*,#1344,.F.);
#1752=ORIENTED_EDGE('',*,*,#1328,.F.);
#1753=ORIENTED_EDGE('',*,*,#1298,.T.);
#1754=ORIENTED_EDGE('',*,*,#1332,.F.);
#1755=ORIENTED_EDGE('',*,*,#1345,.F.);
#1756=ORIENTED_EDGE('',*,*,#1308,.F.);
#1757=ORIENTED_EDGE('',*,*,#1289,.T.);
#1758=ORIENTED_EDGE('',*,*,#1322,.F.);
#1759=ORIENTED_EDGE('',*,*,#1346,.T.);
#1760=ORIENTED_EDGE('',*,*,#1333,.F.);
#1761=ORIENTED_EDGE('',*,*,#1347,.F.);
#1762=ORIENTED_EDGE('',*,*,#1348,.T.);
#1763=ORIENTED_EDGE('',*,*,#1349,.T.);
#1764=ORIENTED_EDGE('',*,*,#1350,.F.);
#1765=ORIENTED_EDGE('',*,*,#1351,.F.);
#1766=ORIENTED_EDGE('',*,*,#1352,.T.);
#1767=ORIENTED_EDGE('',*,*,#1353,.F.);
#1768=ORIENTED_EDGE('',*,*,#1352,.F.);
#1769=ORIENTED_EDGE('',*,*,#1354,.F.);
#1770=ORIENTED_EDGE('',*,*,#1355,.T.);
#1771=ORIENTED_EDGE('',*,*,#1356,.F.);
#1772=ORIENTED_EDGE('',*,*,#1355,.F.);
#1773=ORIENTED_EDGE('',*,*,#1357,.F.);
#1774=ORIENTED_EDGE('',*,*,#1358,.T.);
#1775=ORIENTED_EDGE('',*,*,#1359,.F.);
#1776=ORIENTED_EDGE('',*,*,#1360,.F.);
#1777=ORIENTED_EDGE('',*,*,#1361,.F.);
#1778=ORIENTED_EDGE('',*,*,#1360,.T.);
#1779=ORIENTED_EDGE('',*,*,#1362,.F.);
#1780=ORIENTED_EDGE('',*,*,#1363,.F.);
#1781=ORIENTED_EDGE('',*,*,#1364,.T.);
#1782=ORIENTED_EDGE('',*,*,#1363,.T.);
#1783=ORIENTED_EDGE('',*,*,#1365,.F.);
#1784=ORIENTED_EDGE('',*,*,#1366,.F.);
#1785=ORIENTED_EDGE('',*,*,#1367,.F.);
#1786=ORIENTED_EDGE('',*,*,#1366,.T.);
#1787=ORIENTED_EDGE('',*,*,#1368,.F.);
#1788=ORIENTED_EDGE('',*,*,#1349,.F.);
#1789=ORIENTED_EDGE('',*,*,#1369,.F.);
#1790=ORIENTED_EDGE('',*,*,#1370,.F.);
#1791=ORIENTED_EDGE('',*,*,#1371,.F.);
#1792=ORIENTED_EDGE('',*,*,#1372,.T.);
#1793=ORIENTED_EDGE('',*,*,#1373,.F.);
#1794=ORIENTED_EDGE('',*,*,#1371,.T.);
#1795=ORIENTED_EDGE('',*,*,#1374,.F.);
#1796=ORIENTED_EDGE('',*,*,#1375,.F.);
#1797=ORIENTED_EDGE('',*,*,#1376,.T.);
#1798=ORIENTED_EDGE('',*,*,#1375,.T.);
#1799=ORIENTED_EDGE('',*,*,#1377,.F.);
#1800=ORIENTED_EDGE('',*,*,#1378,.F.);
#1801=ORIENTED_EDGE('',*,*,#1379,.F.);
#1802=ORIENTED_EDGE('',*,*,#1378,.T.);
#1803=ORIENTED_EDGE('',*,*,#1380,.F.);
#1804=ORIENTED_EDGE('',*,*,#1381,.F.);
#1805=ORIENTED_EDGE('',*,*,#1382,.F.);
#1806=ORIENTED_EDGE('',*,*,#1381,.T.);
#1807=ORIENTED_EDGE('',*,*,#1383,.F.);
#1808=ORIENTED_EDGE('',*,*,#1306,.F.);
#1809=ORIENTED_EDGE('',*,*,#1384,.T.);
#1810=ORIENTED_EDGE('',*,*,#1385,.T.);
#1811=ORIENTED_EDGE('',*,*,#1386,.T.);
#1812=ORIENTED_EDGE('',*,*,#1387,.T.);
#1813=ORIENTED_EDGE('',*,*,#1388,.F.);
#1814=ORIENTED_EDGE('',*,*,#1286,.T.);
#1815=ORIENTED_EDGE('',*,*,#1307,.F.);
#1816=ORIENTED_EDGE('',*,*,#1383,.T.);
#1817=ORIENTED_EDGE('',*,*,#1380,.T.);
#1818=ORIENTED_EDGE('',*,*,#1377,.T.);
#1819=ORIENTED_EDGE('',*,*,#1374,.T.);
#1820=ORIENTED_EDGE('',*,*,#1370,.T.);
#1821=ORIENTED_EDGE('',*,*,#1389,.F.);
#1822=ORIENTED_EDGE('',*,*,#1350,.T.);
#1823=ORIENTED_EDGE('',*,*,#1368,.T.);
#1824=ORIENTED_EDGE('',*,*,#1365,.T.);
#1825=ORIENTED_EDGE('',*,*,#1362,.T.);
#1826=ORIENTED_EDGE('',*,*,#1359,.T.);
#1827=ORIENTED_EDGE('',*,*,#1390,.F.);
#1828=ORIENTED_EDGE('',*,*,#1391,.F.);
#1829=ORIENTED_EDGE('',*,*,#1392,.F.);
#1830=ORIENTED_EDGE('',*,*,#1393,.F.);
#1831=ORIENTED_EDGE('',*,*,#1394,.T.);
#1832=ORIENTED_EDGE('',*,*,#1386,.F.);
#1833=ORIENTED_EDGE('',*,*,#1395,.F.);
#1834=ORIENTED_EDGE('',*,*,#1396,.T.);
#1835=ORIENTED_EDGE('',*,*,#1397,.F.);
#1836=ORIENTED_EDGE('',*,*,#1398,.T.);
#1837=ORIENTED_EDGE('',*,*,#1399,.F.);
#1838=ORIENTED_EDGE('',*,*,#1400,.F.);
#1839=ORIENTED_EDGE('',*,*,#1401,.T.);
#1840=ORIENTED_EDGE('',*,*,#1402,.F.);
#1841=ORIENTED_EDGE('',*,*,#1302,.F.);
#1842=ORIENTED_EDGE('',*,*,#1300,.T.);
#1843=ORIENTED_EDGE('',*,*,#1293,.T.);
#1844=ORIENTED_EDGE('',*,*,#1351,.T.);
#1845=ORIENTED_EDGE('',*,*,#1354,.T.);
#1846=ORIENTED_EDGE('',*,*,#1403,.T.);
#1847=ORIENTED_EDGE('',*,*,#1404,.F.);
#1848=ORIENTED_EDGE('',*,*,#1405,.F.);
#1849=ORIENTED_EDGE('',*,*,#1406,.F.);
#1850=ORIENTED_EDGE('',*,*,#1407,.F.);
#1851=ORIENTED_EDGE('',*,*,#1408,.F.);
#1852=ORIENTED_EDGE('',*,*,#1409,.F.);
#1853=ORIENTED_EDGE('',*,*,#1410,.F.);
#1854=ORIENTED_EDGE('',*,*,#1410,.T.);
#1855=ORIENTED_EDGE('',*,*,#1411,.F.);
#1856=ORIENTED_EDGE('',*,*,#1412,.T.);
#1857=ORIENTED_EDGE('',*,*,#1413,.F.);
#1858=ORIENTED_EDGE('',*,*,#1407,.T.);
#1859=ORIENTED_EDGE('',*,*,#1413,.T.);
#1860=ORIENTED_EDGE('',*,*,#1414,.T.);
#1861=ORIENTED_EDGE('',*,*,#1415,.T.);
#1862=ORIENTED_EDGE('',*,*,#1416,.F.);
#1863=ORIENTED_EDGE('',*,*,#1417,.T.);
#1864=ORIENTED_EDGE('',*,*,#1409,.T.);
#1865=ORIENTED_EDGE('',*,*,#1418,.F.);
#1866=ORIENTED_EDGE('',*,*,#1419,.T.);
#1867=ORIENTED_EDGE('',*,*,#1420,.T.);
#1868=ORIENTED_EDGE('',*,*,#1421,.T.);
#1869=ORIENTED_EDGE('',*,*,#1411,.T.);
#1870=ORIENTED_EDGE('',*,*,#1420,.F.);
#1871=ORIENTED_EDGE('',*,*,#1422,.F.);
#1872=ORIENTED_EDGE('',*,*,#1415,.F.);
#1873=ORIENTED_EDGE('',*,*,#1414,.F.);
#1874=ORIENTED_EDGE('',*,*,#1412,.F.);
#1875=ORIENTED_EDGE('',*,*,#1421,.F.);
#1876=ORIENTED_EDGE('',*,*,#1408,.T.);
#1877=ORIENTED_EDGE('',*,*,#1417,.F.);
#1878=ORIENTED_EDGE('',*,*,#1423,.T.);
#1879=ORIENTED_EDGE('',*,*,#1418,.T.);
#1880=ORIENTED_EDGE('',*,*,#1422,.T.);
#1881=ORIENTED_EDGE('',*,*,#1419,.F.);
#1882=ORIENTED_EDGE('',*,*,#1424,.T.);
#1883=ORIENTED_EDGE('',*,*,#1416,.T.);
#1884=ORIENTED_EDGE('',*,*,#1403,.F.);
#1885=ORIENTED_EDGE('',*,*,#1425,.F.);
#1886=ORIENTED_EDGE('',*,*,#1426,.F.);
#1887=ORIENTED_EDGE('',*,*,#1427,.F.);
#1888=ORIENTED_EDGE('',*,*,#1423,.F.);
#1889=ORIENTED_EDGE('',*,*,#1428,.F.);
#1890=ORIENTED_EDGE('',*,*,#1426,.T.);
#1891=ORIENTED_EDGE('',*,*,#1429,.T.);
#1892=ORIENTED_EDGE('',*,*,#1424,.F.);
#1893=ORIENTED_EDGE('',*,*,#1429,.F.);
#1894=ORIENTED_EDGE('',*,*,#1430,.T.);
#1895=ORIENTED_EDGE('',*,*,#1428,.T.);
#1896=ORIENTED_EDGE('',*,*,#1431,.T.);
#1897=ORIENTED_EDGE('',*,*,#1432,.T.);
#1898=ORIENTED_EDGE('',*,*,#1433,.T.);
#1899=ORIENTED_EDGE('',*,*,#1434,.T.);
#1900=ORIENTED_EDGE('',*,*,#1432,.F.);
#1901=ORIENTED_EDGE('',*,*,#1435,.T.);
#1902=ORIENTED_EDGE('',*,*,#1436,.F.);
#1903=ORIENTED_EDGE('',*,*,#1437,.T.);
#1904=ORIENTED_EDGE('',*,*,#1431,.F.);
#1905=ORIENTED_EDGE('',*,*,#1438,.F.);
#1906=ORIENTED_EDGE('',*,*,#1439,.T.);
#1907=ORIENTED_EDGE('',*,*,#1440,.F.);
#1908=ORIENTED_EDGE('',*,*,#1441,.F.);
#1909=ORIENTED_EDGE('',*,*,#1435,.F.);
#1910=ORIENTED_EDGE('',*,*,#1433,.F.);
#1911=ORIENTED_EDGE('',*,*,#1437,.F.);
#1912=ORIENTED_EDGE('',*,*,#1442,.F.);
#1913=ORIENTED_EDGE('',*,*,#1443,.F.);
#1914=ORIENTED_EDGE('',*,*,#1444,.F.);
#1915=ORIENTED_EDGE('',*,*,#1445,.T.);
#1916=ORIENTED_EDGE('',*,*,#1443,.T.);
#1917=ORIENTED_EDGE('',*,*,#1442,.T.);
#1918=ORIENTED_EDGE('',*,*,#1436,.T.);
#1919=ORIENTED_EDGE('',*,*,#1441,.T.);
#1920=ORIENTED_EDGE('',*,*,#1440,.T.);
#1921=ORIENTED_EDGE('',*,*,#1446,.T.);
#1922=ORIENTED_EDGE('',*,*,#1434,.F.);
#1923=ORIENTED_EDGE('',*,*,#1445,.F.);
#1924=ORIENTED_EDGE('',*,*,#1447,.F.);
#1925=ORIENTED_EDGE('',*,*,#1438,.T.);
#1926=ORIENTED_EDGE('',*,*,#1446,.F.);
#1927=ORIENTED_EDGE('',*,*,#1439,.F.);
#1928=ORIENTED_EDGE('',*,*,#1448,.F.);
#1929=ORIENTED_EDGE('',*,*,#1444,.T.);
#1930=ORIENTED_EDGE('',*,*,#1405,.T.);
#1931=ORIENTED_EDGE('',*,*,#1449,.F.);
#1932=ORIENTED_EDGE('',*,*,#1450,.T.);
#1933=ORIENTED_EDGE('',*,*,#1451,.F.);
#1934=ORIENTED_EDGE('',*,*,#1447,.T.);
#1935=ORIENTED_EDGE('',*,*,#1452,.F.);
#1936=ORIENTED_EDGE('',*,*,#1450,.F.);
#1937=ORIENTED_EDGE('',*,*,#1453,.T.);
#1938=ORIENTED_EDGE('',*,*,#1448,.T.);
#1939=ORIENTED_EDGE('',*,*,#1453,.F.);
#1940=ORIENTED_EDGE('',*,*,#1454,.T.);
#1941=ORIENTED_EDGE('',*,*,#1452,.T.);
#1942=ORIENTED_EDGE('',*,*,#1284,.T.);
#1943=ORIENTED_EDGE('',*,*,#1330,.T.);
#1944=ORIENTED_EDGE('',*,*,#1455,.T.);
#1945=ORIENTED_EDGE('',*,*,#1456,.T.);
#1946=ORIENTED_EDGE('',*,*,#1457,.T.);
#1947=ORIENTED_EDGE('',*,*,#1458,.T.);
#1948=ORIENTED_EDGE('',*,*,#1459,.T.);
#1949=ORIENTED_EDGE('',*,*,#1460,.T.);
#1950=ORIENTED_EDGE('',*,*,#1461,.T.);
#1951=ORIENTED_EDGE('',*,*,#1462,.T.);
#1952=ORIENTED_EDGE('',*,*,#1463,.T.);
#1953=ORIENTED_EDGE('',*,*,#1323,.T.);
#1954=ORIENTED_EDGE('',*,*,#1295,.T.);
#1955=ORIENTED_EDGE('',*,*,#1304,.F.);
#1956=ORIENTED_EDGE('',*,*,#1464,.F.);
#1957=ORIENTED_EDGE('',*,*,#1465,.F.);
#1958=ORIENTED_EDGE('',*,*,#1466,.F.);
#1959=ORIENTED_EDGE('',*,*,#1467,.T.);
#1960=ORIENTED_EDGE('',*,*,#1468,.F.);
#1961=ORIENTED_EDGE('',*,*,#1469,.F.);
#1962=ORIENTED_EDGE('',*,*,#1470,.F.);
#1963=ORIENTED_EDGE('',*,*,#1471,.F.);
#1964=ORIENTED_EDGE('',*,*,#1472,.F.);
#1965=ORIENTED_EDGE('',*,*,#1473,.F.);
#1966=ORIENTED_EDGE('',*,*,#1474,.F.);
#1967=ORIENTED_EDGE('',*,*,#1388,.T.);
#1968=ORIENTED_EDGE('',*,*,#1475,.F.);
#1969=ORIENTED_EDGE('',*,*,#1476,.F.);
#1970=ORIENTED_EDGE('',*,*,#1477,.T.);
#1971=ORIENTED_EDGE('',*,*,#1478,.F.);
#1972=ORIENTED_EDGE('',*,*,#1479,.F.);
#1973=ORIENTED_EDGE('',*,*,#1357,.T.);
#1974=ORIENTED_EDGE('',*,*,#1361,.T.);
#1975=ORIENTED_EDGE('',*,*,#1364,.F.);
#1976=ORIENTED_EDGE('',*,*,#1367,.T.);
#1977=ORIENTED_EDGE('',*,*,#1348,.F.);
#1978=ORIENTED_EDGE('',*,*,#1480,.F.);
#1979=ORIENTED_EDGE('',*,*,#1481,.T.);
#1980=ORIENTED_EDGE('',*,*,#1482,.F.);
#1981=ORIENTED_EDGE('',*,*,#1483,.T.);
#1982=ORIENTED_EDGE('',*,*,#1484,.F.);
#1983=ORIENTED_EDGE('',*,*,#1485,.T.);
#1984=ORIENTED_EDGE('',*,*,#1486,.F.);
#1985=ORIENTED_EDGE('',*,*,#1487,.T.);
#1986=ORIENTED_EDGE('',*,*,#1488,.F.);
#1987=ORIENTED_EDGE('',*,*,#1489,.T.);
#1988=ORIENTED_EDGE('',*,*,#1490,.F.);
#1989=ORIENTED_EDGE('',*,*,#1491,.T.);
#1990=ORIENTED_EDGE('',*,*,#1492,.F.);
#1991=ORIENTED_EDGE('',*,*,#1372,.F.);
#1992=ORIENTED_EDGE('',*,*,#1373,.T.);
#1993=ORIENTED_EDGE('',*,*,#1376,.F.);
#1994=ORIENTED_EDGE('',*,*,#1379,.T.);
#1995=ORIENTED_EDGE('',*,*,#1382,.T.);
#1996=ORIENTED_EDGE('',*,*,#1305,.F.);
#1997=ORIENTED_EDGE('',*,*,#1353,.T.);
#1998=ORIENTED_EDGE('',*,*,#1356,.T.);
#1999=ORIENTED_EDGE('',*,*,#1430,.F.);
#2000=ORIENTED_EDGE('',*,*,#1493,.F.);
#2001=ORIENTED_EDGE('',*,*,#1454,.F.);
#2002=ORIENTED_EDGE('',*,*,#1494,.F.);
#2003=ORIENTED_EDGE('',*,*,#1347,.T.);
#2004=ORIENTED_EDGE('',*,*,#1389,.T.);
#2005=ORIENTED_EDGE('',*,*,#1369,.T.);
#2006=ORIENTED_EDGE('',*,*,#1492,.T.);
#2007=ORIENTED_EDGE('',*,*,#1495,.T.);
#2008=ORIENTED_EDGE('',*,*,#1496,.T.);
#2009=ORIENTED_EDGE('',*,*,#1497,.T.);
#2010=ORIENTED_EDGE('',*,*,#1488,.T.);
#2011=ORIENTED_EDGE('',*,*,#1498,.T.);
#2012=ORIENTED_EDGE('',*,*,#1499,.T.);
#2013=ORIENTED_EDGE('',*,*,#1500,.T.);
#2014=ORIENTED_EDGE('',*,*,#1484,.T.);
#2015=ORIENTED_EDGE('',*,*,#1501,.T.);
#2016=ORIENTED_EDGE('',*,*,#1502,.T.);
#2017=ORIENTED_EDGE('',*,*,#1503,.T.);
#2018=ORIENTED_EDGE('',*,*,#1480,.T.);
#2019=ORIENTED_EDGE('',*,*,#1479,.T.);
#2020=ORIENTED_EDGE('',*,*,#1504,.F.);
#2021=ORIENTED_EDGE('',*,*,#1390,.T.);
#2022=ORIENTED_EDGE('',*,*,#1358,.F.);
#2023=ORIENTED_EDGE('',*,*,#1505,.T.);
#2024=ORIENTED_EDGE('',*,*,#1506,.T.);
#2025=ORIENTED_EDGE('',*,*,#1507,.F.);
#2026=ORIENTED_EDGE('',*,*,#1482,.T.);
#2027=ORIENTED_EDGE('',*,*,#1508,.T.);
#2028=ORIENTED_EDGE('',*,*,#1509,.T.);
#2029=ORIENTED_EDGE('',*,*,#1510,.F.);
#2030=ORIENTED_EDGE('',*,*,#1490,.T.);
#2031=ORIENTED_EDGE('',*,*,#1511,.T.);
#2032=ORIENTED_EDGE('',*,*,#1512,.T.);
#2033=ORIENTED_EDGE('',*,*,#1513,.F.);
#2034=ORIENTED_EDGE('',*,*,#1486,.T.);
#2035=ORIENTED_EDGE('',*,*,#1485,.F.);
#2036=ORIENTED_EDGE('',*,*,#1500,.F.);
#2037=ORIENTED_EDGE('',*,*,#1514,.T.);
#2038=ORIENTED_EDGE('',*,*,#1515,.T.);
#2039=ORIENTED_EDGE('',*,*,#1511,.F.);
#2040=ORIENTED_EDGE('',*,*,#1516,.T.);
#2041=ORIENTED_EDGE('',*,*,#1499,.F.);
#2042=ORIENTED_EDGE('',*,*,#1517,.F.);
#2043=ORIENTED_EDGE('',*,*,#1518,.T.);
#2044=ORIENTED_EDGE('',*,*,#1514,.F.);
#2045=ORIENTED_EDGE('',*,*,#1487,.F.);
#2046=ORIENTED_EDGE('',*,*,#1513,.T.);
#2047=ORIENTED_EDGE('',*,*,#1519,.T.);
#2048=ORIENTED_EDGE('',*,*,#1517,.T.);
#2049=ORIENTED_EDGE('',*,*,#1498,.F.);
#2050=ORIENTED_EDGE('',*,*,#1520,.T.);
#2051=ORIENTED_EDGE('',*,*,#1516,.F.);
#2052=ORIENTED_EDGE('',*,*,#1521,.T.);
#2053=ORIENTED_EDGE('',*,*,#1520,.F.);
#2054=ORIENTED_EDGE('',*,*,#1521,.F.);
#2055=ORIENTED_EDGE('',*,*,#1512,.F.);
#2056=ORIENTED_EDGE('',*,*,#1515,.F.);
#2057=ORIENTED_EDGE('',*,*,#1518,.F.);
#2058=ORIENTED_EDGE('',*,*,#1519,.F.);
#2059=ORIENTED_EDGE('',*,*,#1522,.T.);
#2060=ORIENTED_EDGE('',*,*,#1523,.T.);
#2061=ORIENTED_EDGE('',*,*,#1524,.T.);
#2062=ORIENTED_EDGE('',*,*,#1523,.F.);
#2063=ORIENTED_EDGE('',*,*,#1525,.F.);
#2064=ORIENTED_EDGE('',*,*,#1496,.F.);
#2065=ORIENTED_EDGE('',*,*,#1526,.T.);
#2066=ORIENTED_EDGE('',*,*,#1527,.F.);
#2067=ORIENTED_EDGE('',*,*,#1509,.F.);
#2068=ORIENTED_EDGE('',*,*,#1528,.F.);
#2069=ORIENTED_EDGE('',*,*,#1527,.T.);
#2070=ORIENTED_EDGE('',*,*,#1529,.T.);
#2071=ORIENTED_EDGE('',*,*,#1529,.F.);
#2072=ORIENTED_EDGE('',*,*,#1526,.F.);
#2073=ORIENTED_EDGE('',*,*,#1495,.F.);
#2074=ORIENTED_EDGE('',*,*,#1491,.F.);
#2075=ORIENTED_EDGE('',*,*,#1510,.T.);
#2076=ORIENTED_EDGE('',*,*,#1522,.F.);
#2077=ORIENTED_EDGE('',*,*,#1528,.T.);
#2078=ORIENTED_EDGE('',*,*,#1508,.F.);
#2079=ORIENTED_EDGE('',*,*,#1489,.F.);
#2080=ORIENTED_EDGE('',*,*,#1497,.F.);
#2081=ORIENTED_EDGE('',*,*,#1525,.T.);
#2082=ORIENTED_EDGE('',*,*,#1524,.F.);
#2083=ORIENTED_EDGE('',*,*,#1530,.F.);
#2084=ORIENTED_EDGE('',*,*,#1531,.T.);
#2085=ORIENTED_EDGE('',*,*,#1532,.F.);
#2086=ORIENTED_EDGE('',*,*,#1531,.F.);
#2087=ORIENTED_EDGE('',*,*,#1533,.T.);
#2088=ORIENTED_EDGE('',*,*,#1534,.T.);
#2089=ORIENTED_EDGE('',*,*,#1535,.F.);
#2090=ORIENTED_EDGE('',*,*,#1502,.F.);
#2091=ORIENTED_EDGE('',*,*,#1506,.F.);
#2092=ORIENTED_EDGE('',*,*,#1536,.F.);
#2093=ORIENTED_EDGE('',*,*,#1534,.F.);
#2094=ORIENTED_EDGE('',*,*,#1537,.T.);
#2095=ORIENTED_EDGE('',*,*,#1536,.T.);
#2096=ORIENTED_EDGE('',*,*,#1505,.F.);
#2097=ORIENTED_EDGE('',*,*,#1481,.F.);
#2098=ORIENTED_EDGE('',*,*,#1503,.F.);
#2099=ORIENTED_EDGE('',*,*,#1535,.T.);
#2100=ORIENTED_EDGE('',*,*,#1530,.T.);
#2101=ORIENTED_EDGE('',*,*,#1537,.F.);
#2102=ORIENTED_EDGE('',*,*,#1533,.F.);
#2103=ORIENTED_EDGE('',*,*,#1501,.F.);
#2104=ORIENTED_EDGE('',*,*,#1483,.F.);
#2105=ORIENTED_EDGE('',*,*,#1507,.T.);
#2106=ORIENTED_EDGE('',*,*,#1532,.T.);
#2107=ORIENTED_EDGE('',*,*,#1384,.F.);
#2108=ORIENTED_EDGE('',*,*,#1474,.T.);
#2109=ORIENTED_EDGE('',*,*,#1538,.T.);
#2110=ORIENTED_EDGE('',*,*,#1539,.T.);
#2111=ORIENTED_EDGE('',*,*,#1540,.T.);
#2112=ORIENTED_EDGE('',*,*,#1541,.T.);
#2113=ORIENTED_EDGE('',*,*,#1542,.T.);
#2114=ORIENTED_EDGE('',*,*,#1538,.F.);
#2115=ORIENTED_EDGE('',*,*,#1473,.T.);
#2116=ORIENTED_EDGE('',*,*,#1543,.T.);
#2117=ORIENTED_EDGE('',*,*,#1541,.F.);
#2118=ORIENTED_EDGE('',*,*,#1472,.T.);
#2119=ORIENTED_EDGE('',*,*,#1544,.T.);
#2120=ORIENTED_EDGE('',*,*,#1471,.T.);
#2121=ORIENTED_EDGE('',*,*,#1545,.T.);
#2122=ORIENTED_EDGE('',*,*,#1546,.T.);
#2123=ORIENTED_EDGE('',*,*,#1544,.F.);
#2124=ORIENTED_EDGE('',*,*,#1547,.T.);
#2125=ORIENTED_EDGE('',*,*,#1548,.T.);
#2126=ORIENTED_EDGE('',*,*,#1545,.F.);
#2127=ORIENTED_EDGE('',*,*,#1470,.T.);
#2128=ORIENTED_EDGE('',*,*,#1549,.F.);
#2129=ORIENTED_EDGE('',*,*,#1550,.T.);
#2130=ORIENTED_EDGE('',*,*,#1547,.F.);
#2131=ORIENTED_EDGE('',*,*,#1469,.T.);
#2132=ORIENTED_EDGE('',*,*,#1551,.T.);
#2133=ORIENTED_EDGE('',*,*,#1552,.F.);
#2134=ORIENTED_EDGE('',*,*,#1553,.T.);
#2135=ORIENTED_EDGE('',*,*,#1554,.T.);
#2136=ORIENTED_EDGE('',*,*,#1555,.T.);
#2137=ORIENTED_EDGE('',*,*,#1556,.T.);
#2138=ORIENTED_EDGE('',*,*,#1552,.T.);
#2139=ORIENTED_EDGE('',*,*,#1557,.T.);
#2140=ORIENTED_EDGE('',*,*,#1558,.T.);
#2141=ORIENTED_EDGE('',*,*,#1559,.T.);
#2142=ORIENTED_EDGE('',*,*,#1560,.T.);
#2143=ORIENTED_EDGE('',*,*,#1561,.T.);
#2144=ORIENTED_EDGE('',*,*,#1562,.T.);
#2145=ORIENTED_EDGE('',*,*,#1563,.T.);
#2146=ORIENTED_EDGE('',*,*,#1564,.T.);
#2147=ORIENTED_EDGE('',*,*,#1565,.T.);
#2148=ORIENTED_EDGE('',*,*,#1563,.F.);
#2149=ORIENTED_EDGE('',*,*,#1566,.T.);
#2150=ORIENTED_EDGE('',*,*,#1567,.T.);
#2151=ORIENTED_EDGE('',*,*,#1568,.T.);
#2152=ORIENTED_EDGE('',*,*,#1569,.T.);
#2153=ORIENTED_EDGE('',*,*,#1570,.T.);
#2154=ORIENTED_EDGE('',*,*,#1567,.F.);
#2155=ORIENTED_EDGE('',*,*,#1571,.T.);
#2156=ORIENTED_EDGE('',*,*,#1572,.T.);
#2157=ORIENTED_EDGE('',*,*,#1569,.F.);
#2158=ORIENTED_EDGE('',*,*,#1573,.T.);
#2159=ORIENTED_EDGE('',*,*,#1555,.F.);
#2160=ORIENTED_EDGE('',*,*,#1574,.T.);
#2161=ORIENTED_EDGE('',*,*,#1571,.F.);
#2162=ORIENTED_EDGE('',*,*,#1561,.F.);
#2163=ORIENTED_EDGE('',*,*,#1575,.T.);
#2164=ORIENTED_EDGE('',*,*,#1558,.F.);
#2165=ORIENTED_EDGE('',*,*,#1553,.F.);
#2166=ORIENTED_EDGE('',*,*,#1560,.F.);
#2167=ORIENTED_EDGE('',*,*,#1576,.F.);
#2168=ORIENTED_EDGE('',*,*,#1396,.F.);
#2169=ORIENTED_EDGE('',*,*,#1577,.F.);
#2170=ORIENTED_EDGE('',*,*,#1559,.F.);
#2171=ORIENTED_EDGE('',*,*,#1578,.F.);
#2172=ORIENTED_EDGE('',*,*,#1549,.T.);
#2173=ORIENTED_EDGE('',*,*,#1579,.T.);
#2174=ORIENTED_EDGE('',*,*,#1397,.T.);
#2175=ORIENTED_EDGE('',*,*,#1576,.T.);
#2176=ORIENTED_EDGE('',*,*,#1550,.F.);
#2177=ORIENTED_EDGE('',*,*,#1578,.T.);
#2178=ORIENTED_EDGE('',*,*,#1575,.F.);
#2179=ORIENTED_EDGE('',*,*,#1580,.T.);
#2180=ORIENTED_EDGE('',*,*,#1548,.F.);
#2181=ORIENTED_EDGE('',*,*,#1580,.F.);
#2182=ORIENTED_EDGE('',*,*,#1564,.F.);
#2183=ORIENTED_EDGE('',*,*,#1581,.T.);
#2184=ORIENTED_EDGE('',*,*,#1556,.F.);
#2185=ORIENTED_EDGE('',*,*,#1573,.F.);
#2186=ORIENTED_EDGE('',*,*,#1568,.F.);
#2187=ORIENTED_EDGE('',*,*,#1566,.F.);
#2188=ORIENTED_EDGE('',*,*,#1562,.F.);
#2189=ORIENTED_EDGE('',*,*,#1557,.F.);
#2190=ORIENTED_EDGE('',*,*,#1539,.F.);
#2191=ORIENTED_EDGE('',*,*,#1582,.T.);
#2192=ORIENTED_EDGE('',*,*,#1574,.F.);
#2193=ORIENTED_EDGE('',*,*,#1583,.T.);
#2194=ORIENTED_EDGE('',*,*,#1554,.F.);
#2195=ORIENTED_EDGE('',*,*,#1577,.T.);
#2196=ORIENTED_EDGE('',*,*,#1395,.T.);
#2197=ORIENTED_EDGE('',*,*,#1385,.F.);
#2198=ORIENTED_EDGE('',*,*,#1540,.F.);
#2199=ORIENTED_EDGE('',*,*,#1583,.F.);
#2200=ORIENTED_EDGE('',*,*,#1546,.F.);
#2201=ORIENTED_EDGE('',*,*,#1581,.F.);
#2202=ORIENTED_EDGE('',*,*,#1565,.F.);
#2203=ORIENTED_EDGE('',*,*,#1584,.T.);
#2204=ORIENTED_EDGE('',*,*,#1542,.F.);
#2205=ORIENTED_EDGE('',*,*,#1585,.T.);
#2206=ORIENTED_EDGE('',*,*,#1572,.F.);
#2207=ORIENTED_EDGE('',*,*,#1582,.F.);
#2208=ORIENTED_EDGE('',*,*,#1543,.F.);
#2209=ORIENTED_EDGE('',*,*,#1584,.F.);
#2210=ORIENTED_EDGE('',*,*,#1570,.F.);
#2211=ORIENTED_EDGE('',*,*,#1585,.F.);
#2212=ORIENTED_EDGE('',*,*,#1398,.F.);
#2213=ORIENTED_EDGE('',*,*,#1579,.F.);
#2214=ORIENTED_EDGE('',*,*,#1551,.F.);
#2215=ORIENTED_EDGE('',*,*,#1468,.T.);
#2216=ORIENTED_EDGE('',*,*,#1586,.T.);
#2217=ORIENTED_EDGE('',*,*,#1586,.F.);
#2218=ORIENTED_EDGE('',*,*,#1467,.F.);
#2219=ORIENTED_EDGE('',*,*,#1587,.T.);
#2220=ORIENTED_EDGE('',*,*,#1399,.T.);
#2221=ORIENTED_EDGE('',*,*,#1588,.F.);
#2222=ORIENTED_EDGE('',*,*,#1338,.F.);
#2223=ORIENTED_EDGE('',*,*,#1589,.F.);
#2224=ORIENTED_EDGE('',*,*,#1317,.F.);
#2225=ORIENTED_EDGE('',*,*,#1318,.F.);
#2226=ORIENTED_EDGE('',*,*,#1589,.T.);
#2227=ORIENTED_EDGE('',*,*,#1337,.F.);
#2228=ORIENTED_EDGE('',*,*,#1590,.F.);
#2229=ORIENTED_EDGE('',*,*,#1319,.F.);
#2230=ORIENTED_EDGE('',*,*,#1590,.T.);
#2231=ORIENTED_EDGE('',*,*,#1336,.F.);
#2232=ORIENTED_EDGE('',*,*,#1591,.F.);
#2233=ORIENTED_EDGE('',*,*,#1320,.F.);
#2234=ORIENTED_EDGE('',*,*,#1591,.T.);
#2235=ORIENTED_EDGE('',*,*,#1335,.F.);
#2236=ORIENTED_EDGE('',*,*,#1592,.F.);
#2237=ORIENTED_EDGE('',*,*,#1321,.F.);
#2238=ORIENTED_EDGE('',*,*,#1592,.T.);
#2239=ORIENTED_EDGE('',*,*,#1334,.F.);
#2240=ORIENTED_EDGE('',*,*,#1346,.F.);
#2241=ORIENTED_EDGE('',*,*,#1593,.F.);
#2242=ORIENTED_EDGE('',*,*,#1594,.F.);
#2243=ORIENTED_EDGE('',*,*,#1595,.F.);
#2244=ORIENTED_EDGE('',*,*,#1310,.F.);
#2245=ORIENTED_EDGE('',*,*,#1311,.F.);
#2246=ORIENTED_EDGE('',*,*,#1595,.T.);
#2247=ORIENTED_EDGE('',*,*,#1596,.F.);
#2248=ORIENTED_EDGE('',*,*,#1597,.F.);
#2249=ORIENTED_EDGE('',*,*,#1312,.F.);
#2250=ORIENTED_EDGE('',*,*,#1597,.T.);
#2251=ORIENTED_EDGE('',*,*,#1598,.F.);
#2252=ORIENTED_EDGE('',*,*,#1599,.F.);
#2253=ORIENTED_EDGE('',*,*,#1313,.F.);
#2254=ORIENTED_EDGE('',*,*,#1599,.T.);
#2255=ORIENTED_EDGE('',*,*,#1600,.F.);
#2256=ORIENTED_EDGE('',*,*,#1601,.F.);
#2257=ORIENTED_EDGE('',*,*,#1314,.F.);
#2258=ORIENTED_EDGE('',*,*,#1601,.T.);
#2259=ORIENTED_EDGE('',*,*,#1602,.F.);
#2260=ORIENTED_EDGE('',*,*,#1603,.F.);
#2261=ORIENTED_EDGE('',*,*,#1604,.F.);
#2262=ORIENTED_EDGE('',*,*,#1315,.F.);
#2263=ORIENTED_EDGE('',*,*,#1603,.T.);
#2264=ORIENTED_EDGE('',*,*,#1605,.F.);
#2265=ORIENTED_EDGE('',*,*,#1606,.F.);
#2266=ORIENTED_EDGE('',*,*,#1339,.F.);
#2267=ORIENTED_EDGE('',*,*,#1588,.T.);
#2268=ORIENTED_EDGE('',*,*,#1316,.F.);
#2269=ORIENTED_EDGE('',*,*,#1604,.T.);
#2270=ORIENTED_EDGE('',*,*,#1607,.F.);
#2271=ORIENTED_EDGE('',*,*,#1326,.F.);
#2272=ORIENTED_EDGE('',*,*,#1608,.F.);
#2273=ORIENTED_EDGE('',*,*,#1593,.T.);
#2274=ORIENTED_EDGE('',*,*,#1309,.F.);
#2275=ORIENTED_EDGE('',*,*,#1345,.T.);
#2276=ORIENTED_EDGE('',*,*,#1331,.F.);
#2277=ORIENTED_EDGE('',*,*,#1609,.F.);
#2278=ORIENTED_EDGE('',*,*,#1607,.T.);
#2279=ORIENTED_EDGE('',*,*,#1605,.T.);
#2280=ORIENTED_EDGE('',*,*,#1602,.T.);
#2281=ORIENTED_EDGE('',*,*,#1600,.T.);
#2282=ORIENTED_EDGE('',*,*,#1598,.T.);
#2283=ORIENTED_EDGE('',*,*,#1596,.T.);
#2284=ORIENTED_EDGE('',*,*,#1594,.T.);
#2285=ORIENTED_EDGE('',*,*,#1608,.T.);
#2286=ORIENTED_EDGE('',*,*,#1325,.F.);
#2287=ORIENTED_EDGE('',*,*,#1610,.F.);
#2288=ORIENTED_EDGE('',*,*,#1611,.F.);
#2289=ORIENTED_EDGE('',*,*,#1612,.F.);
#2290=ORIENTED_EDGE('',*,*,#1613,.F.);
#2291=ORIENTED_EDGE('',*,*,#1614,.F.);
#2292=ORIENTED_EDGE('',*,*,#1460,.F.);
#2293=ORIENTED_EDGE('',*,*,#1615,.T.);
#2294=ORIENTED_EDGE('',*,*,#1613,.T.);
#2295=ORIENTED_EDGE('',*,*,#1606,.T.);
#2296=ORIENTED_EDGE('',*,*,#1609,.T.);
#2297=ORIENTED_EDGE('',*,*,#1615,.F.);
#2298=ORIENTED_EDGE('',*,*,#1459,.F.);
#2299=ORIENTED_EDGE('',*,*,#1616,.T.);
#2300=ORIENTED_EDGE('',*,*,#1340,.T.);
#2301=ORIENTED_EDGE('',*,*,#1616,.F.);
#2302=ORIENTED_EDGE('',*,*,#1458,.F.);
#2303=ORIENTED_EDGE('',*,*,#1617,.T.);
#2304=ORIENTED_EDGE('',*,*,#1341,.T.);
#2305=ORIENTED_EDGE('',*,*,#1342,.T.);
#2306=ORIENTED_EDGE('',*,*,#1617,.F.);
#2307=ORIENTED_EDGE('',*,*,#1457,.F.);
#2308=ORIENTED_EDGE('',*,*,#1618,.F.);
#2309=ORIENTED_EDGE('',*,*,#1456,.F.);
#2310=ORIENTED_EDGE('',*,*,#1619,.T.);
#2311=ORIENTED_EDGE('',*,*,#1343,.T.);
#2312=ORIENTED_EDGE('',*,*,#1618,.T.);
#2313=ORIENTED_EDGE('',*,*,#1619,.F.);
#2314=ORIENTED_EDGE('',*,*,#1455,.F.);
#2315=ORIENTED_EDGE('',*,*,#1329,.T.);
#2316=ORIENTED_EDGE('',*,*,#1344,.T.);
#2317=ORIENTED_EDGE('',*,*,#1324,.F.);
#2318=ORIENTED_EDGE('',*,*,#1463,.F.);
#2319=ORIENTED_EDGE('',*,*,#1620,.T.);
#2320=ORIENTED_EDGE('',*,*,#1610,.T.);
#2321=ORIENTED_EDGE('',*,*,#1611,.T.);
#2322=ORIENTED_EDGE('',*,*,#1620,.F.);
#2323=ORIENTED_EDGE('',*,*,#1462,.F.);
#2324=ORIENTED_EDGE('',*,*,#1621,.F.);
#2325=ORIENTED_EDGE('',*,*,#1461,.F.);
#2326=ORIENTED_EDGE('',*,*,#1614,.T.);
#2327=ORIENTED_EDGE('',*,*,#1612,.T.);
#2328=ORIENTED_EDGE('',*,*,#1621,.T.);
#2329=ORIENTED_EDGE('',*,*,#1402,.T.);
#2330=ORIENTED_EDGE('',*,*,#1622,.T.);
#2331=ORIENTED_EDGE('',*,*,#1464,.T.);
#2332=ORIENTED_EDGE('',*,*,#1303,.T.);
#2333=ORIENTED_EDGE('',*,*,#1622,.F.);
#2334=ORIENTED_EDGE('',*,*,#1401,.F.);
#2335=ORIENTED_EDGE('',*,*,#1623,.T.);
#2336=ORIENTED_EDGE('',*,*,#1465,.T.);
#2337=ORIENTED_EDGE('',*,*,#1623,.F.);
#2338=ORIENTED_EDGE('',*,*,#1400,.T.);
#2339=ORIENTED_EDGE('',*,*,#1587,.F.);
#2340=ORIENTED_EDGE('',*,*,#1466,.T.);
#2341=ORIENTED_EDGE('',*,*,#1387,.F.);
#2342=ORIENTED_EDGE('',*,*,#1394,.F.);
#2343=ORIENTED_EDGE('',*,*,#1624,.T.);
#2344=ORIENTED_EDGE('',*,*,#1475,.T.);
#2345=ORIENTED_EDGE('',*,*,#1624,.F.);
#2346=ORIENTED_EDGE('',*,*,#1393,.T.);
#2347=ORIENTED_EDGE('',*,*,#1625,.F.);
#2348=ORIENTED_EDGE('',*,*,#1476,.T.);
#2349=ORIENTED_EDGE('',*,*,#1626,.F.);
#2350=ORIENTED_EDGE('',*,*,#1477,.F.);
#2351=ORIENTED_EDGE('',*,*,#1625,.T.);
#2352=ORIENTED_EDGE('',*,*,#1392,.T.);
#2353=ORIENTED_EDGE('',*,*,#1391,.T.);
#2354=ORIENTED_EDGE('',*,*,#1504,.T.);
#2355=ORIENTED_EDGE('',*,*,#1478,.T.);
#2356=ORIENTED_EDGE('',*,*,#1626,.T.);
#2357=ORIENTED_EDGE('',*,*,#1451,.T.);
#2358=ORIENTED_EDGE('',*,*,#1494,.T.);
#2359=ORIENTED_EDGE('',*,*,#1449,.T.);
#2360=ORIENTED_EDGE('',*,*,#1406,.T.);
#2361=ORIENTED_EDGE('',*,*,#1427,.T.);
#2362=ORIENTED_EDGE('',*,*,#1493,.T.);
#2363=ORIENTED_EDGE('',*,*,#1425,.T.);
#2364=ORIENTED_EDGE('',*,*,#1404,.T.);
#2365=ORIENTED_EDGE('',*,*,#1627,.F.);
#2366=ORIENTED_EDGE('',*,*,#1628,.F.);
#2367=ORIENTED_EDGE('',*,*,#1629,.F.);
#2368=ORIENTED_EDGE('',*,*,#1630,.F.);
#2369=ORIENTED_EDGE('',*,*,#1631,.F.);
#2370=ORIENTED_EDGE('',*,*,#1632,.T.);
#2371=ORIENTED_EDGE('',*,*,#1633,.T.);
#2372=ORIENTED_EDGE('',*,*,#1634,.T.);
#2373=ORIENTED_EDGE('',*,*,#1628,.T.);
#2374=ORIENTED_EDGE('',*,*,#1627,.T.);
#2375=ORIENTED_EDGE('',*,*,#1635,.T.);
#2376=ORIENTED_EDGE('',*,*,#1636,.T.);
#2377=ORIENTED_EDGE('',*,*,#1634,.F.);
#2378=ORIENTED_EDGE('',*,*,#1637,.T.);
#2379=ORIENTED_EDGE('',*,*,#1638,.F.);
#2380=ORIENTED_EDGE('',*,*,#1629,.T.);
#2381=ORIENTED_EDGE('',*,*,#1636,.F.);
#2382=ORIENTED_EDGE('',*,*,#1639,.F.);
#2383=ORIENTED_EDGE('',*,*,#1640,.T.);
#2384=ORIENTED_EDGE('',*,*,#1641,.F.);
#2385=ORIENTED_EDGE('',*,*,#1637,.F.);
#2386=ORIENTED_EDGE('',*,*,#1633,.F.);
#2387=ORIENTED_EDGE('',*,*,#1630,.T.);
#2388=ORIENTED_EDGE('',*,*,#1638,.T.);
#2389=ORIENTED_EDGE('',*,*,#1641,.T.);
#2390=ORIENTED_EDGE('',*,*,#1642,.T.);
#2391=ORIENTED_EDGE('',*,*,#1642,.F.);
#2392=ORIENTED_EDGE('',*,*,#1640,.F.);
#2393=ORIENTED_EDGE('',*,*,#1643,.F.);
#2394=ORIENTED_EDGE('',*,*,#1631,.T.);
#2395=ORIENTED_EDGE('',*,*,#1635,.F.);
#2396=ORIENTED_EDGE('',*,*,#1632,.F.);
#2397=ORIENTED_EDGE('',*,*,#1644,.F.);
#2398=ORIENTED_EDGE('',*,*,#1639,.T.);
#2399=ORIENTED_EDGE('',*,*,#1645,.T.);
#2400=ORIENTED_EDGE('',*,*,#1646,.F.);
#2401=ORIENTED_EDGE('',*,*,#1647,.F.);
#2402=ORIENTED_EDGE('',*,*,#1648,.T.);
#2403=ORIENTED_EDGE('',*,*,#1649,.T.);
#2404=ORIENTED_EDGE('',*,*,#1648,.F.);
#2405=ORIENTED_EDGE('',*,*,#1650,.T.);
#2406=ORIENTED_EDGE('',*,*,#1646,.T.);
#2407=ORIENTED_EDGE('',*,*,#1649,.F.);
#2408=ORIENTED_EDGE('',*,*,#1645,.F.);
#2409=ORIENTED_EDGE('',*,*,#1643,.T.);
#2410=ORIENTED_EDGE('',*,*,#1651,.F.);
#2411=ORIENTED_EDGE('',*,*,#1650,.F.);
#2412=ORIENTED_EDGE('',*,*,#1652,.T.);
#2413=ORIENTED_EDGE('',*,*,#1644,.T.);
#2414=ORIENTED_EDGE('',*,*,#1652,.F.);
#2415=ORIENTED_EDGE('',*,*,#1647,.T.);
#2416=ORIENTED_EDGE('',*,*,#1651,.T.);
#2417=ORIENTED_EDGE('',*,*,#1653,.T.);
#2418=ORIENTED_EDGE('',*,*,#1654,.F.);
#2419=ORIENTED_EDGE('',*,*,#1655,.T.);
#2420=ORIENTED_EDGE('',*,*,#1656,.T.);
#2421=ORIENTED_EDGE('',*,*,#1657,.T.);
#2422=ORIENTED_EDGE('',*,*,#1658,.T.);
#2423=ORIENTED_EDGE('',*,*,#1659,.F.);
#2424=ORIENTED_EDGE('',*,*,#1660,.F.);
#2425=ORIENTED_EDGE('',*,*,#1661,.F.);
#2426=ORIENTED_EDGE('',*,*,#1653,.F.);
#2427=ORIENTED_EDGE('',*,*,#1658,.F.);
#2428=ORIENTED_EDGE('',*,*,#1662,.F.);
#2429=ORIENTED_EDGE('',*,*,#1662,.T.);
#2430=ORIENTED_EDGE('',*,*,#1657,.F.);
#2431=ORIENTED_EDGE('',*,*,#1663,.T.);
#2432=ORIENTED_EDGE('',*,*,#1664,.F.);
#2433=ORIENTED_EDGE('',*,*,#1660,.T.);
#2434=ORIENTED_EDGE('',*,*,#1659,.T.);
#2435=ORIENTED_EDGE('',*,*,#1664,.T.);
#2436=ORIENTED_EDGE('',*,*,#1665,.T.);
#2437=ORIENTED_EDGE('',*,*,#1666,.F.);
#2438=ORIENTED_EDGE('',*,*,#1667,.T.);
#2439=ORIENTED_EDGE('',*,*,#1656,.F.);
#2440=ORIENTED_EDGE('',*,*,#1668,.F.);
#2441=ORIENTED_EDGE('',*,*,#1665,.F.);
#2442=ORIENTED_EDGE('',*,*,#1663,.F.);
#2443=ORIENTED_EDGE('',*,*,#1668,.T.);
#2444=ORIENTED_EDGE('',*,*,#1655,.F.);
#2445=ORIENTED_EDGE('',*,*,#1669,.T.);
#2446=ORIENTED_EDGE('',*,*,#1666,.T.);
#2447=ORIENTED_EDGE('',*,*,#1661,.T.);
#2448=ORIENTED_EDGE('',*,*,#1667,.F.);
#2449=ORIENTED_EDGE('',*,*,#1670,.T.);
#2450=ORIENTED_EDGE('',*,*,#1654,.T.);
#2451=ORIENTED_EDGE('',*,*,#1671,.F.);
#2452=ORIENTED_EDGE('',*,*,#1672,.F.);
#2453=ORIENTED_EDGE('',*,*,#1673,.T.);
#2454=ORIENTED_EDGE('',*,*,#1674,.T.);
#2455=ORIENTED_EDGE('',*,*,#1675,.F.);
#2456=ORIENTED_EDGE('',*,*,#1674,.F.);
#2457=ORIENTED_EDGE('',*,*,#1676,.F.);
#2458=ORIENTED_EDGE('',*,*,#1672,.T.);
#2459=ORIENTED_EDGE('',*,*,#1675,.T.);
#2460=ORIENTED_EDGE('',*,*,#1671,.T.);
#2461=ORIENTED_EDGE('',*,*,#1669,.F.);
#2462=ORIENTED_EDGE('',*,*,#1677,.F.);
#2463=ORIENTED_EDGE('',*,*,#1676,.T.);
#2464=ORIENTED_EDGE('',*,*,#1678,.T.);
#2465=ORIENTED_EDGE('',*,*,#1670,.F.);
#2466=ORIENTED_EDGE('',*,*,#1678,.F.);
#2467=ORIENTED_EDGE('',*,*,#1673,.F.);
#2468=ORIENTED_EDGE('',*,*,#1677,.T.);
#2469=PLANE('',#2700);
#2470=PLANE('',#2702);
#2471=PLANE('',#2703);
#2472=PLANE('',#2705);
#2473=PLANE('',#2706);
#2474=PLANE('',#2707);
#2475=PLANE('',#2718);
#2476=PLANE('',#2720);
#2477=PLANE('',#2726);
#2478=PLANE('',#2727);
#2479=PLANE('',#2767);
#2480=PLANE('',#2783);
#2481=PLANE('',#2785);
#2482=PLANE('',#2786);
#2483=PLANE('',#2789);
#2484=PLANE('',#2790);
#2485=PLANE('',#2792);
#2486=PLANE('',#2793);
#2487=PLANE('',#2799);
#2488=PLANE('',#2801);
#2489=PLANE('',#2802);
#2490=PLANE('',#2805);
#2491=PLANE('',#2806);
#2492=PLANE('',#2808);
#2493=PLANE('',#2809);
#2494=PLANE('',#2812);
#2495=PLANE('',#2832);
#2496=PLANE('',#2833);
#2497=PLANE('',#2843);
#2498=PLANE('',#2846);
#2499=PLANE('',#2847);
#2500=PLANE('',#2855);
#2501=PLANE('',#2859);
#2502=PLANE('',#2860);
#2503=PLANE('',#2864);
#2504=PLANE('',#2868);
#2505=PLANE('',#2869);
#2506=PLANE('',#2908);
#2507=PLANE('',#2911);
#2508=PLANE('',#2913);
#2509=PLANE('',#2914);
#2510=PLANE('',#2916);
#2511=PLANE('',#2919);
#2512=PLANE('',#2921);
#2513=PLANE('',#2922);
#2514=PLANE('',#2924);
#2515=PLANE('',#2927);
#2516=PLANE('',#2928);
#2517=PLANE('',#2931);
#2518=PLANE('',#2936);
#2519=PLANE('',#2965);
#2520=PLANE('',#2970);
#2521=PLANE('',#2971);
#2522=PLANE('',#2974);
#2523=PLANE('',#2975);
#2524=PLANE('',#2980);
#2525=PLANE('',#2981);
#2526=PLANE('',#2982);
#2527=PLANE('',#2984);
#2528=PLANE('',#2989);
#2529=PLANE('',#2990);
#2530=PLANE('',#2993);
#2531=PLANE('',#2994);
#2532=PLANE('',#2999);
#2533=PLANE('',#3000);
#2534=PLANE('',#3001);
#2535=ADVANCED_FACE('',(#153),#2469,.F.);
#2536=ADVANCED_FACE('',(#154),#2470,.F.);
#2537=ADVANCED_FACE('',(#155),#2471,.F.);
#2538=ADVANCED_FACE('',(#156),#2472,.T.);
#2539=ADVANCED_FACE('',(#157),#2473,.T.);
#2540=ADVANCED_FACE('',(#158),#2474,.T.);
#2541=ADVANCED_FACE('',(#159),#90,.T.);
#2542=ADVANCED_FACE('',(#160),#91,.T.);
#2543=ADVANCED_FACE('',(#161),#2475,.T.);
#2544=ADVANCED_FACE('',(#162),#2476,.T.);
#2545=ADVANCED_FACE('',(#163),#2477,.F.);
#2546=ADVANCED_FACE('',(#164),#2478,.F.);
#2547=ADVANCED_FACE('',(#165),#92,.F.);
#2548=ADVANCED_FACE('',(#166),#93,.F.);
#2549=ADVANCED_FACE('',(#167),#94,.F.);
#2550=ADVANCED_FACE('',(#168),#95,.T.);
#2551=ADVANCED_FACE('',(#169),#96,.T.);
#2552=ADVANCED_FACE('',(#170),#97,.F.);
#2553=ADVANCED_FACE('',(#171),#98,.T.);
#2554=ADVANCED_FACE('',(#172),#99,.F.);
#2555=ADVANCED_FACE('',(#173),#100,.T.);
#2556=ADVANCED_FACE('',(#174),#101,.F.);
#2557=ADVANCED_FACE('',(#175),#102,.T.);
#2558=ADVANCED_FACE('',(#176),#103,.T.);
#2559=ADVANCED_FACE('',(#177),#104,.F.);
#2560=ADVANCED_FACE('',(#178,#52,#53,#54,#55),#2479,.F.);
#2561=ADVANCED_FACE('',(#179),#105,.T.);
#2562=ADVANCED_FACE('',(#180),#2480,.F.);
#2563=ADVANCED_FACE('',(#181),#2481,.F.);
#2564=ADVANCED_FACE('',(#182),#2482,.F.);
#2565=ADVANCED_FACE('',(#183),#38,.T.);
#2566=ADVANCED_FACE('',(#184),#2483,.F.);
#2567=ADVANCED_FACE('',(#185),#2484,.T.);
#2568=ADVANCED_FACE('',(#186),#2485,.F.);
#2569=ADVANCED_FACE('',(#187),#2486,.F.);
#2570=ADVANCED_FACE('',(#188),#26,.T.);
#2571=ADVANCED_FACE('',(#189),#106,.T.);
#2572=ADVANCED_FACE('',(#190),#2487,.T.);
#2573=ADVANCED_FACE('',(#191),#2488,.T.);
#2574=ADVANCED_FACE('',(#192),#2489,.T.);
#2575=ADVANCED_FACE('',(#193),#39,.T.);
#2576=ADVANCED_FACE('',(#194),#2490,.T.);
#2577=ADVANCED_FACE('',(#195),#2491,.F.);
#2578=ADVANCED_FACE('',(#196),#2492,.T.);
#2579=ADVANCED_FACE('',(#197),#2493,.T.);
#2580=ADVANCED_FACE('',(#198),#27,.T.);
#2581=ADVANCED_FACE('',(#199,#56,#57,#58,#59),#2494,.T.);
#2582=ADVANCED_FACE('',(#200),#2495,.T.);
#2583=ADVANCED_FACE('',(#201),#2496,.T.);
#2584=ADVANCED_FACE('',(#202),#107,.F.);
#2585=ADVANCED_FACE('',(#203),#108,.F.);
#2586=ADVANCED_FACE('',(#204),#109,.F.);
#2587=ADVANCED_FACE('',(#205,#60),#2497,.T.);
#2588=ADVANCED_FACE('',(#206),#2498,.T.);
#2589=ADVANCED_FACE('',(#207,#61),#2499,.F.);
#2590=ADVANCED_FACE('',(#208),#110,.F.);
#2591=ADVANCED_FACE('',(#209),#111,.T.);
#2592=ADVANCED_FACE('',(#210),#112,.F.);
#2593=ADVANCED_FACE('',(#211),#2500,.F.);
#2594=ADVANCED_FACE('',(#212),#113,.T.);
#2595=ADVANCED_FACE('',(#213,#62),#2501,.F.);
#2596=ADVANCED_FACE('',(#214,#63),#2502,.T.);
#2597=ADVANCED_FACE('',(#215),#114,.F.);
#2598=ADVANCED_FACE('',(#216),#2503,.T.);
#2599=ADVANCED_FACE('',(#217),#115,.T.);
#2600=ADVANCED_FACE('',(#218,#64),#2504,.T.);
#2601=ADVANCED_FACE('',(#219,#65),#2505,.F.);
#2602=ADVANCED_FACE('',(#220),#40,.F.);
#2603=ADVANCED_FACE('',(#221),#41,.F.);
#2604=ADVANCED_FACE('',(#222),#116,.F.);
#2605=ADVANCED_FACE('',(#223),#117,.F.);
#2606=ADVANCED_FACE('',(#224),#42,.F.);
#2607=ADVANCED_FACE('',(#225),#43,.F.);
#2608=ADVANCED_FACE('',(#226),#118,.T.);
#2609=ADVANCED_FACE('',(#227),#119,.T.);
#2610=ADVANCED_FACE('',(#228),#44,.T.);
#2611=ADVANCED_FACE('',(#229),#120,.T.);
#2612=ADVANCED_FACE('',(#230),#121,.T.);
#2613=ADVANCED_FACE('',(#231),#45,.T.);
#2614=ADVANCED_FACE('',(#232),#19,.T.);
#2615=ADVANCED_FACE('',(#233),#20,.T.);
#2616=ADVANCED_FACE('',(#234),#122,.F.);
#2617=ADVANCED_FACE('',(#235),#2506,.T.);
#2618=ADVANCED_FACE('',(#236),#123,.T.);
#2619=ADVANCED_FACE('',(#237),#124,.T.);
#2620=ADVANCED_FACE('',(#238),#2507,.F.);
#2621=ADVANCED_FACE('',(#239),#125,.T.);
#2622=ADVANCED_FACE('',(#240),#2508,.T.);
#2623=ADVANCED_FACE('',(#241),#2509,.F.);
#2624=ADVANCED_FACE('',(#242),#126,.T.);
#2625=ADVANCED_FACE('',(#243),#2510,.F.);
#2626=ADVANCED_FACE('',(#244),#127,.F.);
#2627=ADVANCED_FACE('',(#245),#128,.F.);
#2628=ADVANCED_FACE('',(#246),#2511,.F.);
#2629=ADVANCED_FACE('',(#247),#129,.F.);
#2630=ADVANCED_FACE('',(#248),#2512,.F.);
#2631=ADVANCED_FACE('',(#249),#2513,.F.);
#2632=ADVANCED_FACE('',(#250),#130,.F.);
#2633=ADVANCED_FACE('',(#251),#2514,.F.);
#2634=ADVANCED_FACE('',(#252),#131,.F.);
#2635=ADVANCED_FACE('',(#253),#2515,.F.);
#2636=ADVANCED_FACE('',(#254),#2516,.F.);
#2637=ADVANCED_FACE('',(#255),#132,.F.);
#2638=ADVANCED_FACE('',(#256),#2517,.F.);
#2639=ADVANCED_FACE('',(#257),#133,.F.);
#2640=ADVANCED_FACE('',(#258),#134,.F.);
#2641=ADVANCED_FACE('',(#259),#2518,.T.);
#2642=ADVANCED_FACE('',(#260),#46,.T.);
#2643=ADVANCED_FACE('',(#261),#135,.T.);
#2644=ADVANCED_FACE('',(#262),#47,.T.);
#2645=ADVANCED_FACE('',(#263),#136,.T.);
#2646=ADVANCED_FACE('',(#264),#137,.T.);
#2647=ADVANCED_FACE('',(#265),#48,.T.);
#2648=ADVANCED_FACE('',(#266),#49,.T.);
#2649=ADVANCED_FACE('',(#267),#138,.T.);
#2650=ADVANCED_FACE('',(#268),#139,.T.);
#2651=ADVANCED_FACE('',(#269),#140,.T.);
#2652=ADVANCED_FACE('',(#270),#141,.F.);
#2653=ADVANCED_FACE('',(#271),#142,.T.);
#2654=ADVANCED_FACE('',(#272),#143,.F.);
#2655=ADVANCED_FACE('',(#273),#144,.T.);
#2656=ADVANCED_FACE('',(#274),#145,.F.);
#2657=ADVANCED_FACE('',(#275),#146,.T.);
#2658=ADVANCED_FACE('',(#276),#147,.F.);
#2659=ADVANCED_FACE('',(#277),#148,.F.);
#2660=ADVANCED_FACE('',(#278),#2519,.T.);
#2661=ADVANCED_FACE('',(#279),#50,.T.);
#2662=ADVANCED_FACE('',(#280),#2520,.T.);
#2663=ADVANCED_FACE('',(#281),#2521,.T.);
#2664=ADVANCED_FACE('',(#282),#149,.T.);
#2665=ADVANCED_FACE('',(#283),#2522,.T.);
#2666=ADVANCED_FACE('',(#284),#2523,.F.);
#2667=ADVANCED_FACE('',(#285),#150,.T.);
#2668=ADVANCED_FACE('',(#286),#2524,.T.);
#2669=ADVANCED_FACE('',(#287),#2525,.T.);
#2670=ADVANCED_FACE('',(#288),#2526,.T.);
#2671=ADVANCED_FACE('',(#289),#28,.T.);
#2672=ADVANCED_FACE('',(#290),#2527,.F.);
#2673=ADVANCED_FACE('',(#291),#51,.T.);
#2674=ADVANCED_FACE('',(#292),#2528,.F.);
#2675=ADVANCED_FACE('',(#293),#2529,.F.);
#2676=ADVANCED_FACE('',(#294),#151,.T.);
#2677=ADVANCED_FACE('',(#295),#2530,.F.);
#2678=ADVANCED_FACE('',(#296),#2531,.T.);
#2679=ADVANCED_FACE('',(#297),#152,.T.);
#2680=ADVANCED_FACE('',(#298),#2532,.F.);
#2681=ADVANCED_FACE('',(#299),#2533,.F.);
#2682=ADVANCED_FACE('',(#300),#2534,.F.);
#2683=ADVANCED_FACE('',(#301),#29,.T.);
#2684=CLOSED_SHELL('',(#2535,#2536,#2537,#2538,#2539,#2540,#2541,#2542,
#2543,#2544,#2545,#2546,#2547,#2548,#2549,#2550,#2551,#2552,#2553,#2554,
#2555,#2556,#2557,#2558,#2559,#2560,#2561,#2562,#2563,#2564,#2565,#2566,
#2567,#2568,#2569,#2570,#2571,#2572,#2573,#2574,#2575,#2576,#2577,#2578,
#2579,#2580,#2581,#2582,#2583,#2584,#2585,#2586,#2587,#2588,#2589,#2590,
#2591,#2592,#2593,#2594,#2595,#2596,#2597,#2598,#2599,#2600,#2601,#2602,
#2603,#2604,#2605,#2606,#2607,#2608,#2609,#2610,#2611,#2612,#2613,#2614,
#2615,#2616,#2617,#2618,#2619,#2620,#2621,#2622,#2623,#2624,#2625,#2626,
#2627,#2628,#2629,#2630,#2631,#2632,#2633,#2634,#2635,#2636,#2637,#2638,
#2639,#2640,#2641,#2642,#2643,#2644,#2645,#2646,#2647,#2648,#2649,#2650,
#2651,#2652,#2653,#2654,#2655,#2656,#2657,#2658,#2659));
#2685=CLOSED_SHELL('',(#2660,#2661,#2662,#2663,#2664,#2665,#2666,#2667,
#2668,#2669,#2670,#2671));
#2686=CLOSED_SHELL('',(#2672,#2673,#2674,#2675,#2676,#2677,#2678,#2679,
#2680,#2681,#2682,#2683));
#2687=DERIVED_UNIT_ELEMENT(#2689,1.);
#2688=DERIVED_UNIT_ELEMENT(#4852,-3.);
#2689=(
MASS_UNIT()
NAMED_UNIT(*)
SI_UNIT(.KILO.,.GRAM.)
);
#2690=DERIVED_UNIT((#2687,#2688));
#2691=MEASURE_REPRESENTATION_ITEM('density measure',
POSITIVE_RATIO_MEASURE(7850.),#2690);
#2692=PROPERTY_DEFINITION_REPRESENTATION(#2697,#2694);
#2693=PROPERTY_DEFINITION_REPRESENTATION(#2698,#2695);
#2694=REPRESENTATION('material name',(#2696),#4849);
#2695=REPRESENTATION('density',(#2691),#4849);
#2696=DESCRIPTIVE_REPRESENTATION_ITEM('Steel','Steel');
#2697=PROPERTY_DEFINITION('material property','material name',#4859);
#2698=PROPERTY_DEFINITION('material property','density of part',#4859);
#2699=AXIS2_PLACEMENT_3D('',#3820,#3003,#3004);
#2700=AXIS2_PLACEMENT_3D('',#3821,#3005,#3006);
#2701=AXIS2_PLACEMENT_3D('',#3837,#3014,#3015);
#2702=AXIS2_PLACEMENT_3D('',#3838,#3016,#3017);
#2703=AXIS2_PLACEMENT_3D('',#3844,#3021,#3022);
#2704=AXIS2_PLACEMENT_3D('',#3849,#3024,#3025);
#2705=AXIS2_PLACEMENT_3D('',#3858,#3031,#3032);
#2706=AXIS2_PLACEMENT_3D('',#3864,#3036,#3037);
#2707=AXIS2_PLACEMENT_3D('',#3870,#3041,#3042);
#2708=AXIS2_PLACEMENT_3D('',#3874,#3044,#3045);
#2709=AXIS2_PLACEMENT_3D('',#3878,#3047,#3048);
#2710=AXIS2_PLACEMENT_3D('',#3884,#3051,#3052);
#2711=AXIS2_PLACEMENT_3D('',#3888,#3054,#3055);
#2712=AXIS2_PLACEMENT_3D('',#3892,#3057,#3058);
#2713=AXIS2_PLACEMENT_3D('',#3898,#3061,#3062);
#2714=AXIS2_PLACEMENT_3D('',#3900,#3064,#3065);
#2715=AXIS2_PLACEMENT_3D('',#3904,#3067,#3068);
#2716=AXIS2_PLACEMENT_3D('',#3924,#3071,#3072);
#2717=AXIS2_PLACEMENT_3D('',#3928,#3074,#3075);
#2718=AXIS2_PLACEMENT_3D('',#3930,#3077,#3078);
#2719=AXIS2_PLACEMENT_3D('',#3932,#3079,#3080);
#2720=AXIS2_PLACEMENT_3D('',#3934,#3082,#3083);
#2721=AXIS2_PLACEMENT_3D('',#3938,#3085,#3086);
#2722=AXIS2_PLACEMENT_3D('',#3944,#3089,#3090);
#2723=AXIS2_PLACEMENT_3D('',#3948,#3092,#3093);
#2724=AXIS2_PLACEMENT_3D('',#3952,#3095,#3096);
#2725=AXIS2_PLACEMENT_3D('',#3957,#3099,#3100);
#2726=AXIS2_PLACEMENT_3D('',#3958,#3101,#3102);
#2727=AXIS2_PLACEMENT_3D('',#3960,#3104,#3105);
#2728=AXIS2_PLACEMENT_3D('',#3962,#3107,#3108);
#2729=AXIS2_PLACEMENT_3D('',#3967,#3110,#3111);
#2730=AXIS2_PLACEMENT_3D('',#3970,#3113,#3114);
#2731=AXIS2_PLACEMENT_3D('',#3971,#3115,#3116);
#2732=AXIS2_PLACEMENT_3D('',#3973,#3117,#3118);
#2733=AXIS2_PLACEMENT_3D('',#3976,#3120,#3121);
#2734=AXIS2_PLACEMENT_3D('',#3977,#3122,#3123);
#2735=AXIS2_PLACEMENT_3D('',#3979,#3124,#3125);
#2736=AXIS2_PLACEMENT_3D('',#3982,#3127,#3128);
#2737=AXIS2_PLACEMENT_3D('',#3983,#3129,#3130);
#2738=AXIS2_PLACEMENT_3D('',#3986,#3131,#3132);
#2739=AXIS2_PLACEMENT_3D('',#3990,#3134,#3135);
#2740=AXIS2_PLACEMENT_3D('',#3992,#3137,#3138);
#2741=AXIS2_PLACEMENT_3D('',#3994,#3139,#3140);
#2742=AXIS2_PLACEMENT_3D('',#3996,#3141,#3142);
#2743=AXIS2_PLACEMENT_3D('',#3998,#3144,#3145);
#2744=AXIS2_PLACEMENT_3D('',#4000,#3146,#3147);
#2745=AXIS2_PLACEMENT_3D('',#4002,#3148,#3149);
#2746=AXIS2_PLACEMENT_3D('',#4004,#3151,#3152);
#2747=AXIS2_PLACEMENT_3D('',#4005,#3153,#3154);
#2748=AXIS2_PLACEMENT_3D('',#4006,#3155,#3156);
#2749=AXIS2_PLACEMENT_3D('',#4007,#3157,#3158);
#2750=AXIS2_PLACEMENT_3D('',#4012,#3160,#3161);
#2751=AXIS2_PLACEMENT_3D('',#4015,#3163,#3164);
#2752=AXIS2_PLACEMENT_3D('',#4016,#3165,#3166);
#2753=AXIS2_PLACEMENT_3D('',#4018,#3167,#3168);
#2754=AXIS2_PLACEMENT_3D('',#4020,#3169,#3170);
#2755=AXIS2_PLACEMENT_3D('',#4022,#3172,#3173);
#2756=AXIS2_PLACEMENT_3D('',#4024,#3174,#3175);
#2757=AXIS2_PLACEMENT_3D('',#4026,#3176,#3177);
#2758=AXIS2_PLACEMENT_3D('',#4028,#3179,#3180);
#2759=AXIS2_PLACEMENT_3D('',#4030,#3181,#3182);
#2760=AXIS2_PLACEMENT_3D('',#4032,#3183,#3184);
#2761=AXIS2_PLACEMENT_3D('',#4034,#3186,#3187);
#2762=AXIS2_PLACEMENT_3D('',#4035,#3188,#3189);
#2763=AXIS2_PLACEMENT_3D('',#4036,#3190,#3191);
#2764=AXIS2_PLACEMENT_3D('',#4037,#3192,#3193);
#2765=AXIS2_PLACEMENT_3D('',#4049,#3195,#3196);
#2766=AXIS2_PLACEMENT_3D('',#4052,#3198,#3199);
#2767=AXIS2_PLACEMENT_3D('',#4053,#3200,#3201);
#2768=AXIS2_PLACEMENT_3D('',#4058,#3204,#3205);
#2769=AXIS2_PLACEMENT_3D('',#4060,#3206,#3207);
#2770=AXIS2_PLACEMENT_3D('',#4062,#3208,#3209);
#2771=AXIS2_PLACEMENT_3D('',#4063,#3210,#3211);
#2772=AXIS2_PLACEMENT_3D('',#4067,#3213,#3214);
#2773=AXIS2_PLACEMENT_3D('',#4071,#3216,#3217);
#2774=AXIS2_PLACEMENT_3D('',#4073,#3218,#3219);
#2775=AXIS2_PLACEMENT_3D('',#4075,#3220,#3221);
#2776=AXIS2_PLACEMENT_3D('',#4077,#3222,#3223);
#2777=AXIS2_PLACEMENT_3D('',#4078,#3224,#3225);
#2778=AXIS2_PLACEMENT_3D('',#4082,#3227,#3228);
#2779=AXIS2_PLACEMENT_3D('',#4086,#3230,#3231);
#2780=AXIS2_PLACEMENT_3D('',#4087,#3232,#3233);
#2781=AXIS2_PLACEMENT_3D('',#4090,#3234,#3235);
#2782=AXIS2_PLACEMENT_3D('',#4094,#3237,#3238);
#2783=AXIS2_PLACEMENT_3D('',#4096,#3240,#3241);
#2784=AXIS2_PLACEMENT_3D('',#4100,#3243,#3244);
#2785=AXIS2_PLACEMENT_3D('',#4102,#3246,#3247);
#2786=AXIS2_PLACEMENT_3D('',#4128,#3250,#3251);
#2787=AXIS2_PLACEMENT_3D('',#4154,#3254,#3255);
#2788=AXIS2_PLACEMENT_3D('',#4155,#3256,#3257);
#2789=AXIS2_PLACEMENT_3D('',#4156,#3258,#3259);
#2790=AXIS2_PLACEMENT_3D('',#4158,#3261,#3262);
#2791=AXIS2_PLACEMENT_3D('',#4159,#3263,#3264);
#2792=AXIS2_PLACEMENT_3D('',#4160,#3265,#3266);
#2793=AXIS2_PLACEMENT_3D('',#4166,#3270,#3271);
#2794=AXIS2_PLACEMENT_3D('',#4173,#3272,#3273);
#2795=AXIS2_PLACEMENT_3D('',#4174,#3274,#3275);
#2796=AXIS2_PLACEMENT_3D('',#4175,#3276,#3277);
#2797=AXIS2_PLACEMENT_3D('',#4178,#3278,#3279);
#2798=AXIS2_PLACEMENT_3D('',#4182,#3281,#3282);
#2799=AXIS2_PLACEMENT_3D('',#4184,#3284,#3285);
#2800=AXIS2_PLACEMENT_3D('',#4188,#3287,#3288);
#2801=AXIS2_PLACEMENT_3D('',#4190,#3290,#3291);
#2802=AXIS2_PLACEMENT_3D('',#4216,#3294,#3295);
#2803=AXIS2_PLACEMENT_3D('',#4242,#3298,#3299);
#2804=AXIS2_PLACEMENT_3D('',#4243,#3300,#3301);
#2805=AXIS2_PLACEMENT_3D('',#4244,#3302,#3303);
#2806=AXIS2_PLACEMENT_3D('',#4246,#3305,#3306);
#2807=AXIS2_PLACEMENT_3D('',#4247,#3307,#3308);
#2808=AXIS2_PLACEMENT_3D('',#4248,#3309,#3310);
#2809=AXIS2_PLACEMENT_3D('',#4254,#3314,#3315);
#2810=AXIS2_PLACEMENT_3D('',#4261,#3316,#3317);
#2811=AXIS2_PLACEMENT_3D('',#4262,#3318,#3319);
#2812=AXIS2_PLACEMENT_3D('',#4263,#3320,#3321);
#2813=AXIS2_PLACEMENT_3D('',#4265,#3322,#3323);
#2814=AXIS2_PLACEMENT_3D('',#4271,#3326,#3327);
#2815=AXIS2_PLACEMENT_3D('',#4275,#3329,#3330);
#2816=AXIS2_PLACEMENT_3D('',#4280,#3333,#3334);
#2817=AXIS2_PLACEMENT_3D('',#4282,#3335,#3336);
#2818=AXIS2_PLACEMENT_3D('',#4284,#3337,#3338);
#2819=AXIS2_PLACEMENT_3D('',#4286,#3339,#3340);
#2820=AXIS2_PLACEMENT_3D('',#4288,#3341,#3342);
#2821=AXIS2_PLACEMENT_3D('',#4290,#3343,#3344);
#2822=AXIS2_PLACEMENT_3D('',#4292,#3345,#3346);
#2823=AXIS2_PLACEMENT_3D('',#4294,#3347,#3348);
#2824=AXIS2_PLACEMENT_3D('',#4300,#3351,#3352);
#2825=AXIS2_PLACEMENT_3D('',#4301,#3353,#3354);
#2826=AXIS2_PLACEMENT_3D('',#4303,#3355,#3356);
#2827=AXIS2_PLACEMENT_3D('',#4305,#3357,#3358);
#2828=AXIS2_PLACEMENT_3D('',#4307,#3359,#3360);
#2829=AXIS2_PLACEMENT_3D('',#4309,#3361,#3362);
#2830=AXIS2_PLACEMENT_3D('',#4336,#3377,#3378);
#2831=AXIS2_PLACEMENT_3D('',#4337,#3379,#3380);
#2832=AXIS2_PLACEMENT_3D('',#4338,#3381,#3382);
#2833=AXIS2_PLACEMENT_3D('',#4354,#3392,#3393);
#2834=AXIS2_PLACEMENT_3D('',#4356,#3395,#3396);
#2835=AXIS2_PLACEMENT_3D('',#4358,#3397,#3398);
#2836=AXIS2_PLACEMENT_3D('',#4361,#3400,#3401);
#2837=AXIS2_PLACEMENT_3D('',#4362,#3402,#3403);
#2838=AXIS2_PLACEMENT_3D('',#4364,#3404,#3405);
#2839=AXIS2_PLACEMENT_3D('',#4367,#3407,#3408);
#2840=AXIS2_PLACEMENT_3D('',#4368,#3409,#3410);
#2841=AXIS2_PLACEMENT_3D('',#4370,#3411,#3412);
#2842=AXIS2_PLACEMENT_3D('',#4373,#3414,#3415);
#2843=AXIS2_PLACEMENT_3D('',#4374,#3416,#3417);
#2844=AXIS2_PLACEMENT_3D('',#4377,#3419,#3420);
#2845=AXIS2_PLACEMENT_3D('',#4379,#3421,#3422);
#2846=AXIS2_PLACEMENT_3D('',#4380,#3423,#3424);
#2847=AXIS2_PLACEMENT_3D('',#4384,#3427,#3428);
#2848=AXIS2_PLACEMENT_3D('',#4385,#3429,#3430);
#2849=AXIS2_PLACEMENT_3D('',#4387,#3431,#3432);
#2850=AXIS2_PLACEMENT_3D('',#4388,#3433,#3434);
#2851=AXIS2_PLACEMENT_3D('',#4390,#3436,#3437);
#2852=AXIS2_PLACEMENT_3D('',#4391,#3438,#3439);
#2853=AXIS2_PLACEMENT_3D('',#4393,#3440,#3441);
#2854=AXIS2_PLACEMENT_3D('',#4396,#3443,#3444);
#2855=AXIS2_PLACEMENT_3D('',#4397,#3445,#3446);
#2856=AXIS2_PLACEMENT_3D('',#4403,#3450,#3451);
#2857=AXIS2_PLACEMENT_3D('',#4404,#3452,#3453);
#2858=AXIS2_PLACEMENT_3D('',#4405,#3454,#3455);
#2859=AXIS2_PLACEMENT_3D('',#4406,#3456,#3457);
#2860=AXIS2_PLACEMENT_3D('',#4407,#3458,#3459);
#2861=AXIS2_PLACEMENT_3D('',#4408,#3460,#3461);
#2862=AXIS2_PLACEMENT_3D('',#4410,#3462,#3463);
#2863=AXIS2_PLACEMENT_3D('',#4413,#3465,#3466);
#2864=AXIS2_PLACEMENT_3D('',#4414,#3467,#3468);
#2865=AXIS2_PLACEMENT_3D('',#4420,#3472,#3473);
#2866=AXIS2_PLACEMENT_3D('',#4421,#3474,#3475);
#2867=AXIS2_PLACEMENT_3D('',#4422,#3476,#3477);
#2868=AXIS2_PLACEMENT_3D('',#4423,#3478,#3479);
#2869=AXIS2_PLACEMENT_3D('',#4424,#3480,#3481);
#2870=AXIS2_PLACEMENT_3D('',#4425,#3482,#3483);
#2871=AXIS2_PLACEMENT_3D('',#4427,#3484,#3485);
#2872=AXIS2_PLACEMENT_3D('',#4429,#3486,#3487);
#2873=AXIS2_PLACEMENT_3D('',#4438,#3488,#3489);
#2874=AXIS2_PLACEMENT_3D('',#4440,#3490,#3491);
#2875=AXIS2_PLACEMENT_3D('',#4441,#3492,#3493);
#2876=AXIS2_PLACEMENT_3D('',#4442,#3494,#3495);
#2877=AXIS2_PLACEMENT_3D('',#4445,#3497,#3498);
#2878=AXIS2_PLACEMENT_3D('',#4446,#3499,#3500);
#2879=AXIS2_PLACEMENT_3D('',#4448,#3501,#3502);
#2880=AXIS2_PLACEMENT_3D('',#4450,#3504,#3505);
#2881=AXIS2_PLACEMENT_3D('',#4452,#3506,#3507);
#2882=AXIS2_PLACEMENT_3D('',#4453,#3508,#3509);
#2883=AXIS2_PLACEMENT_3D('',#4454,#3510,#3511);
#2884=AXIS2_PLACEMENT_3D('',#4465,#3512,#3513);
#2885=AXIS2_PLACEMENT_3D('',#4472,#3514,#3515);
#2886=AXIS2_PLACEMENT_3D('',#4475,#3516,#3517);
#2887=AXIS2_PLACEMENT_3D('',#4490,#3519,#3520);
#2888=AXIS2_PLACEMENT_3D('',#4492,#3522,#3523);
#2889=AXIS2_PLACEMENT_3D('',#4496,#3525,#3526);
#2890=AXIS2_PLACEMENT_3D('',#4509,#3528,#3529);
#2891=AXIS2_PLACEMENT_3D('',#4511,#3530,#3531);
#2892=AXIS2_PLACEMENT_3D('',#4513,#3532,#3533);
#2893=AXIS2_PLACEMENT_3D('',#4515,#3534,#3535);
#2894=AXIS2_PLACEMENT_3D('',#4516,#3536,#3537);
#2895=AXIS2_PLACEMENT_3D('',#4517,#3538,#3539);
#2896=AXIS2_PLACEMENT_3D('',#4522,#3542,#3543);
#2897=AXIS2_PLACEMENT_3D('',#4523,#3544,#3545);
#2898=AXIS2_PLACEMENT_3D('',#4527,#3547,#3548);
#2899=AXIS2_PLACEMENT_3D('',#4529,#3550,#3551);
#2900=AXIS2_PLACEMENT_3D('',#4531,#3552,#3553);
#2901=AXIS2_PLACEMENT_3D('',#4532,#3554,#3555);
#2902=AXIS2_PLACEMENT_3D('',#4533,#3556,#3557);
#2903=AXIS2_PLACEMENT_3D('',#4534,#3558,#3559);
#2904=AXIS2_PLACEMENT_3D('',#4535,#3560,#3561);
#2905=AXIS2_PLACEMENT_3D('',#4536,#3562,#3563);
#2906=AXIS2_PLACEMENT_3D('',#4537,#3564,#3565);
#2907=AXIS2_PLACEMENT_3D('',#4538,#3566,#3567);
#2908=AXIS2_PLACEMENT_3D('',#4541,#3570,#3571);
#2909=AXIS2_PLACEMENT_3D('',#4544,#3574,#3575);
#2910=AXIS2_PLACEMENT_3D('',#4546,#3577,#3578);
#2911=AXIS2_PLACEMENT_3D('',#4548,#3580,#3581);
#2912=AXIS2_PLACEMENT_3D('',#4549,#3582,#3583);
#2913=AXIS2_PLACEMENT_3D('',#4552,#3586,#3587);
#2914=AXIS2_PLACEMENT_3D('',#4553,#3588,#3589);
#2915=AXIS2_PLACEMENT_3D('',#4555,#3591,#3592);
#2916=AXIS2_PLACEMENT_3D('',#4557,#3594,#3595);
#2917=AXIS2_PLACEMENT_3D('',#4558,#3596,#3597);
#2918=AXIS2_PLACEMENT_3D('',#4560,#3599,#3600);
#2919=AXIS2_PLACEMENT_3D('',#4562,#3602,#3603);
#2920=AXIS2_PLACEMENT_3D('',#4565,#3606,#3607);
#2921=AXIS2_PLACEMENT_3D('',#4567,#3609,#3610);
#2922=AXIS2_PLACEMENT_3D('',#4569,#3612,#3613);
#2923=AXIS2_PLACEMENT_3D('',#4571,#3615,#3616);
#2924=AXIS2_PLACEMENT_3D('',#4572,#3617,#3618);
#2925=AXIS2_PLACEMENT_3D('',#4578,#3622,#3623);
#2926=AXIS2_PLACEMENT_3D('',#4580,#3624,#3625);
#2927=AXIS2_PLACEMENT_3D('',#4582,#3627,#3628);
#2928=AXIS2_PLACEMENT_3D('',#4586,#3631,#3632);
#2929=AXIS2_PLACEMENT_3D('',#4590,#3635,#3636);
#2930=AXIS2_PLACEMENT_3D('',#4592,#3637,#3638);
#2931=AXIS2_PLACEMENT_3D('',#4594,#3640,#3641);
#2932=AXIS2_PLACEMENT_3D('',#4598,#3644,#3645);
#2933=AXIS2_PLACEMENT_3D('',#4615,#3646,#3647);
#2934=AXIS2_PLACEMENT_3D('',#4616,#3648,#3649);
#2935=AXIS2_PLACEMENT_3D('',#4617,#3650,#3651);
#2936=AXIS2_PLACEMENT_3D('',#4618,#3652,#3653);
#2937=AXIS2_PLACEMENT_3D('',#4622,#3655,#3656);
#2938=AXIS2_PLACEMENT_3D('',#4627,#3659,#3660);
#2939=AXIS2_PLACEMENT_3D('',#4628,#3661,#3662);
#2940=AXIS2_PLACEMENT_3D('',#4629,#3663,#3664);
#2941=AXIS2_PLACEMENT_3D('',#4630,#3665,#3666);
#2942=AXIS2_PLACEMENT_3D('',#4631,#3667,#3668);
#2943=AXIS2_PLACEMENT_3D('',#4632,#3669,#3670);
#2944=AXIS2_PLACEMENT_3D('',#4633,#3671,#3672);
#2945=AXIS2_PLACEMENT_3D('',#4634,#3673,#3674);
#2946=AXIS2_PLACEMENT_3D('',#4635,#3675,#3676);
#2947=AXIS2_PLACEMENT_3D('',#4636,#3677,#3678);
#2948=AXIS2_PLACEMENT_3D('',#4637,#3679,#3680);
#2949=AXIS2_PLACEMENT_3D('',#4638,#3681,#3682);
#2950=AXIS2_PLACEMENT_3D('',#4639,#3683,#3684);
#2951=AXIS2_PLACEMENT_3D('',#4640,#3685,#3686);
#2952=AXIS2_PLACEMENT_3D('',#4641,#3687,#3688);
#2953=AXIS2_PLACEMENT_3D('',#4642,#3689,#3690);
#2954=AXIS2_PLACEMENT_3D('',#4643,#3691,#3692);
#2955=AXIS2_PLACEMENT_3D('',#4644,#3693,#3694);
#2956=AXIS2_PLACEMENT_3D('',#4645,#3695,#3696);
#2957=AXIS2_PLACEMENT_3D('',#4647,#3698,#3699);
#2958=AXIS2_PLACEMENT_3D('',#4649,#3701,#3702);
#2959=AXIS2_PLACEMENT_3D('',#4650,#3703,#3704);
#2960=AXIS2_PLACEMENT_3D('',#4652,#3706,#3707);
#2961=AXIS2_PLACEMENT_3D('',#4654,#3709,#3710);
#2962=AXIS2_PLACEMENT_3D('',#4656,#3712,#3713);
#2963=AXIS2_PLACEMENT_3D('',#4657,#3714,#3715);
#2964=AXIS2_PLACEMENT_3D('',#4658,#3716,#3717);
#2965=AXIS2_PLACEMENT_3D('',#4659,#3718,#3719);
#2966=AXIS2_PLACEMENT_3D('',#4686,#3721,#3722);
#2967=AXIS2_PLACEMENT_3D('',#4690,#3725,#3726);
#2968=AXIS2_PLACEMENT_3D('',#4703,#3727,#3728);
#2969=AXIS2_PLACEMENT_3D('',#4705,#3729,#3730);
#2970=AXIS2_PLACEMENT_3D('',#4716,#3731,#3732);
#2971=AXIS2_PLACEMENT_3D('',#4720,#3735,#3736);
#2972=AXIS2_PLACEMENT_3D('',#4725,#3739,#3740);
#2973=AXIS2_PLACEMENT_3D('',#4726,#3741,#3742);
#2974=AXIS2_PLACEMENT_3D('',#4728,#3744,#3745);
#2975=AXIS2_PLACEMENT_3D('',#4730,#3747,#3748);
#2976=AXIS2_PLACEMENT_3D('',#4731,#3749,#3750);
#2977=AXIS2_PLACEMENT_3D('',#4732,#3751,#3752);
#2978=AXIS2_PLACEMENT_3D('',#4735,#3753,#3754);
#2979=AXIS2_PLACEMENT_3D('',#4739,#3756,#3757);
#2980=AXIS2_PLACEMENT_3D('',#4741,#3759,#3760);
#2981=AXIS2_PLACEMENT_3D('',#4744,#3763,#3764);
#2982=AXIS2_PLACEMENT_3D('',#4745,#3765,#3766);
#2983=AXIS2_PLACEMENT_3D('',#4752,#3767,#3768);
#2984=AXIS2_PLACEMENT_3D('',#4753,#3769,#3770);
#2985=AXIS2_PLACEMENT_3D('',#4771,#3773,#3774);
#2986=AXIS2_PLACEMENT_3D('',#4784,#3776,#3777);
#2987=AXIS2_PLACEMENT_3D('',#4808,#3778,#3779);
#2988=AXIS2_PLACEMENT_3D('',#4809,#3780,#3781);
#2989=AXIS2_PLACEMENT_3D('',#4810,#3782,#3783);
#2990=AXIS2_PLACEMENT_3D('',#4814,#3786,#3787);
#2991=AXIS2_PLACEMENT_3D('',#4816,#3788,#3789);
#2992=AXIS2_PLACEMENT_3D('',#4820,#3792,#3793);
#2993=AXIS2_PLACEMENT_3D('',#4822,#3795,#3796);
#2994=AXIS2_PLACEMENT_3D('',#4824,#3798,#3799);
#2995=AXIS2_PLACEMENT_3D('',#4825,#3800,#3801);
#2996=AXIS2_PLACEMENT_3D('',#4826,#3802,#3803);
#2997=AXIS2_PLACEMENT_3D('',#4829,#3804,#3805);
#2998=AXIS2_PLACEMENT_3D('',#4833,#3807,#3808);
#2999=AXIS2_PLACEMENT_3D('',#4835,#3810,#3811);
#3000=AXIS2_PLACEMENT_3D('',#4838,#3814,#3815);
#3001=AXIS2_PLACEMENT_3D('',#4839,#3816,#3817);
#3002=AXIS2_PLACEMENT_3D('',#4846,#3818,#3819);
#3003=DIRECTION('axis',(0.,0.,1.));
#3004=DIRECTION('refdir',(1.,0.,0.));
#3005=DIRECTION('center_axis',(0.,-1.,0.));
#3006=DIRECTION('ref_axis',(1.,0.,0.));
#3007=DIRECTION('',(-1.,0.,0.));
#3008=DIRECTION('',(0.,0.,1.));
#3009=DIRECTION('',(1.,0.,0.));
#3010=DIRECTION('',(0.,0.,1.));
#3011=DIRECTION('',(-1.,0.,0.));
#3012=DIRECTION('',(0.,0.,-1.));
#3013=DIRECTION('',(-1.,0.,0.));
#3014=DIRECTION('center_axis',(0.,-1.,0.));
#3015=DIRECTION('ref_axis',(0.707106781186546,0.,0.707106781186549));
#3016=DIRECTION('center_axis',(-1.,0.,0.));
#3017=DIRECTION('ref_axis',(0.,-1.,0.));
#3018=DIRECTION('',(0.,1.,0.));
#3019=DIRECTION('',(0.,-1.,0.));
#3020=DIRECTION('',(0.,0.,1.));
#3021=DIRECTION('center_axis',(0.,1.,0.));
#3022=DIRECTION('ref_axis',(-1.,0.,0.));
#3023=DIRECTION('',(1.,0.,0.));
#3024=DIRECTION('center_axis',(0.,1.,0.));
#3025=DIRECTION('ref_axis',(0.707106781186546,0.,0.707106781186549));
#3026=DIRECTION('',(1.,0.,0.));
#3027=DIRECTION('',(0.,0.,1.));
#3028=DIRECTION('',(1.,0.,0.));
#3029=DIRECTION('',(-1.,0.,0.));
#3030=DIRECTION('',(0.,0.,-1.));
#3031=DIRECTION('center_axis',(1.,1.45906030856518E-16,0.));
#3032=DIRECTION('ref_axis',(1.45906030856518E-16,-1.,0.));
#3033=DIRECTION('',(1.45906030856518E-16,-1.,0.));
#3034=DIRECTION('',(0.,0.,-1.));
#3035=DIRECTION('',(1.45906030856518E-16,-1.,0.));
#3036=DIRECTION('center_axis',(1.,1.45906030856518E-16,0.));
#3037=DIRECTION('ref_axis',(1.45906030856518E-16,-1.,0.));
#3038=DIRECTION('',(1.45906030856518E-16,-1.,0.));
#3039=DIRECTION('',(0.,0.,-1.));
#3040=DIRECTION('',(1.45906030856518E-16,-1.,0.));
#3041=DIRECTION('center_axis',(0.,0.,1.));
#3042=DIRECTION('ref_axis',(1.,0.,0.));
#3043=DIRECTION('',(-2.45702289003114E-16,1.,0.));
#3044=DIRECTION('center_axis',(0.,0.,1.));
#3045=DIRECTION('ref_axis',(-0.0335944721484456,-0.99943554641661,0.));
#3046=DIRECTION('',(-2.45702289003114E-16,1.,0.));
#3047=DIRECTION('center_axis',(0.,0.,1.));
#3048=DIRECTION('ref_axis',(0.718886107860092,0.695127875952165,0.));
#3049=DIRECTION('',(-0.999435546416609,0.0335944721484669,0.));
#3050=DIRECTION('',(-0.99943554641661,-0.0335944721484514,0.));
#3051=DIRECTION('center_axis',(0.,0.,1.));
#3052=DIRECTION('ref_axis',(-0.718886107860102,0.695127875952154,0.));
#3053=DIRECTION('',(4.11551334080083E-14,-1.,0.));
#3054=DIRECTION('center_axis',(0.,0.,1.));
#3055=DIRECTION('ref_axis',(0.0335944721484046,0.999435546416611,0.));
#3056=DIRECTION('',(4.11551334080083E-14,-1.,0.));
#3057=DIRECTION('center_axis',(0.,0.,1.));
#3058=DIRECTION('ref_axis',(-0.718886107860006,-0.695127875952254,0.));
#3059=DIRECTION('',(0.999435546416616,-0.0335944721482643,0.));
#3060=DIRECTION('',(0.999435546416602,0.0335944721486737,0.));
#3061=DIRECTION('center_axis',(0.,0.,1.));
#3062=DIRECTION('ref_axis',(0.718886107860168,-0.695127875952087,0.));
#3063=DIRECTION('',(-2.45702289003114E-16,1.,0.));
#3064=DIRECTION('center_axis',(-2.45702289003114E-16,1.,0.));
#3065=DIRECTION('ref_axis',(0.707106781186546,0.,0.707106781186549));
#3066=DIRECTION('',(2.45702289003114E-16,-1.,0.));
#3067=DIRECTION('center_axis',(0.,-1.,0.));
#3068=DIRECTION('ref_axis',(1.,0.,2.22044604925032E-15));
#3069=DIRECTION('',(2.45702289003114E-16,-1.,0.));
#3070=DIRECTION('',(2.45702289003114E-16,-1.,0.));
#3071=DIRECTION('center_axis',(-2.45702289003114E-16,1.,0.));
#3072=DIRECTION('ref_axis',(0.707106781186546,0.,0.707106781186549));
#3073=DIRECTION('',(2.45702289003114E-16,-1.,0.));
#3074=DIRECTION('center_axis',(0.,-1.,0.));
#3075=DIRECTION('ref_axis',(1.,0.,2.22044604925032E-15));
#3076=DIRECTION('',(2.45702289003114E-16,-1.,0.));
#3077=DIRECTION('center_axis',(0.,0.,1.));
#3078=DIRECTION('ref_axis',(1.,0.,0.));
#3079=DIRECTION('center_axis',(0.,0.,-1.));
#3080=DIRECTION('ref_axis',(-0.0335944721484456,-0.99943554641661,0.));
#3081=DIRECTION('',(2.45702289003114E-16,-1.,0.));
#3082=DIRECTION('center_axis',(0.,0.,1.));
#3083=DIRECTION('ref_axis',(1.,0.,0.));
#3084=DIRECTION('',(2.45702289003114E-16,-1.,0.));
#3085=DIRECTION('center_axis',(0.,0.,-1.));
#3086=DIRECTION('ref_axis',(0.718886107860168,-0.695127875952087,0.));
#3087=DIRECTION('',(-0.999435546416602,-0.0335944721486737,0.));
#3088=DIRECTION('',(-0.999435546416616,0.0335944721482643,0.));
#3089=DIRECTION('center_axis',(0.,0.,-1.));
#3090=DIRECTION('ref_axis',(-0.718886107860006,-0.695127875952254,0.));
#3091=DIRECTION('',(-4.11551334080083E-14,1.,0.));
#3092=DIRECTION('center_axis',(0.,0.,-1.));
#3093=DIRECTION('ref_axis',(0.0335944721484046,0.999435546416611,0.));
#3094=DIRECTION('',(-4.11551334080083E-14,1.,0.));
#3095=DIRECTION('center_axis',(0.,0.,-1.));
#3096=DIRECTION('ref_axis',(-0.71888610786001,-0.695127875952249,0.));
#3097=DIRECTION('',(-0.999435546416616,0.0335944721482643,0.));
#3098=DIRECTION('',(-0.999435546416602,-0.0335944721486737,0.));
#3099=DIRECTION('center_axis',(0.,0.,-1.));
#3100=DIRECTION('ref_axis',(0.718886107860168,-0.695127875952086,0.));
#3101=DIRECTION('center_axis',(1.,2.45702289003114E-16,0.));
#3102=DIRECTION('ref_axis',(-2.45702289003114E-16,1.,0.));
#3103=DIRECTION('',(0.,0.,1.));
#3104=DIRECTION('center_axis',(1.,2.45702289003114E-16,0.));
#3105=DIRECTION('ref_axis',(-2.45702289003114E-16,1.,0.));
#3106=DIRECTION('',(0.,0.,1.));
#3107=DIRECTION('center_axis',(0.,0.,-1.));
#3108=DIRECTION('ref_axis',(-0.283238015324074,0.959049647659223,0.));
#3109=DIRECTION('',(0.,0.,-1.));
#3110=DIRECTION('center_axis',(0.,0.,1.));
#3111=DIRECTION('ref_axis',(-0.283238015324074,0.959049647659223,0.));
#3112=DIRECTION('',(0.,0.,-1.));
#3113=DIRECTION('center_axis',(0.,0.,1.));
#3114=DIRECTION('ref_axis',(-0.283238015324074,0.959049647659223,0.));
#3115=DIRECTION('center_axis',(0.,0.,-1.));
#3116=DIRECTION('ref_axis',(-1.,0.,0.));
#3117=DIRECTION('center_axis',(0.,0.,1.));
#3118=DIRECTION('ref_axis',(-1.,0.,0.));
#3119=DIRECTION('',(0.,0.,1.));
#3120=DIRECTION('center_axis',(0.,0.,-1.));
#3121=DIRECTION('ref_axis',(-1.,0.,0.));
#3122=DIRECTION('center_axis',(0.,0.,-1.));
#3123=DIRECTION('ref_axis',(-1.,0.,0.));
#3124=DIRECTION('center_axis',(0.,0.,1.));
#3125=DIRECTION('ref_axis',(-1.,0.,0.));
#3126=DIRECTION('',(0.,0.,1.));
#3127=DIRECTION('center_axis',(0.,0.,-1.));
#3128=DIRECTION('ref_axis',(-1.,0.,0.));
#3129=DIRECTION('center_axis',(0.,0.,-1.));
#3130=DIRECTION('ref_axis',(-1.,-5.92118946466745E-14,0.));
#3131=DIRECTION('center_axis',(0.,0.,1.));
#3132=DIRECTION('ref_axis',(-1.,-5.92118946466745E-14,0.));
#3133=DIRECTION('',(0.,0.,-1.));
#3134=DIRECTION('center_axis',(0.,0.,-1.));
#3135=DIRECTION('ref_axis',(-1.,-5.92118946466745E-14,0.));
#3136=DIRECTION('',(0.,0.,-1.));
#3137=DIRECTION('center_axis',(0.,0.,-1.));
#3138=DIRECTION('ref_axis',(-0.764624793247481,-0.644475698185158,0.));
#3139=DIRECTION('center_axis',(0.,0.,1.));
#3140=DIRECTION('ref_axis',(-0.764624793247481,-0.644475698185158,0.));
#3141=DIRECTION('center_axis',(0.,0.,-1.));
#3142=DIRECTION('ref_axis',(-0.764624793247481,-0.644475698185158,0.));
#3143=DIRECTION('',(0.,0.,-1.));
#3144=DIRECTION('center_axis',(0.,0.,-1.));
#3145=DIRECTION('ref_axis',(0.991379543744071,0.131021373240389,0.));
#3146=DIRECTION('center_axis',(0.,0.,1.));
#3147=DIRECTION('ref_axis',(0.991379543744071,0.131021373240389,0.));
#3148=DIRECTION('center_axis',(0.,0.,1.));
#3149=DIRECTION('ref_axis',(0.991379543744071,0.131021373240389,0.));
#3150=DIRECTION('',(0.,0.,-1.));
#3151=DIRECTION('center_axis',(0.,0.,-1.));
#3152=DIRECTION('ref_axis',(-0.991379543744054,-0.131021373240519,0.));
#3153=DIRECTION('center_axis',(0.,0.,1.));
#3154=DIRECTION('ref_axis',(-0.991379543744054,-0.131021373240519,0.));
#3155=DIRECTION('center_axis',(0.,0.,-1.));
#3156=DIRECTION('ref_axis',(-0.991379543744054,-0.131021373240519,0.));
#3157=DIRECTION('center_axis',(0.,0.,-1.));
#3158=DIRECTION('ref_axis',(0.942809041582058,0.333333333333347,0.));
#3159=DIRECTION('',(0.,0.,1.));
#3160=DIRECTION('center_axis',(0.,0.,1.));
#3161=DIRECTION('ref_axis',(0.942809041582058,0.333333333333347,0.));
#3162=DIRECTION('',(0.,0.,-1.));
#3163=DIRECTION('center_axis',(0.,0.,1.));
#3164=DIRECTION('ref_axis',(0.942809041582058,0.333333333333347,0.));
#3165=DIRECTION('center_axis',(0.,0.,-1.));
#3166=DIRECTION('ref_axis',(-0.942809041582064,-0.333333333333332,0.));
#3167=DIRECTION('center_axis',(0.,0.,1.));
#3168=DIRECTION('ref_axis',(-0.942809041582064,-0.333333333333332,0.));
#3169=DIRECTION('center_axis',(0.,0.,-1.));
#3170=DIRECTION('ref_axis',(-0.942809041582064,-0.333333333333332,0.));
#3171=DIRECTION('',(0.,0.,-1.));
#3172=DIRECTION('center_axis',(0.,0.,-1.));
#3173=DIRECTION('ref_axis',(-0.735137556316701,0.677917969442254,0.));
#3174=DIRECTION('center_axis',(0.,0.,1.));
#3175=DIRECTION('ref_axis',(-0.735137556316701,0.677917969442254,0.));
#3176=DIRECTION('center_axis',(0.,0.,1.));
#3177=DIRECTION('ref_axis',(-0.735137556316701,0.677917969442254,0.));
#3178=DIRECTION('',(0.,0.,-1.));
#3179=DIRECTION('center_axis',(0.,0.,-1.));
#3180=DIRECTION('ref_axis',(0.735137556316542,-0.677917969442427,0.));
#3181=DIRECTION('center_axis',(0.,0.,1.));
#3182=DIRECTION('ref_axis',(0.735137556316542,-0.677917969442427,0.));
#3183=DIRECTION('center_axis',(0.,0.,-1.));
#3184=DIRECTION('ref_axis',(0.735137556316542,-0.677917969442427,0.));
#3185=DIRECTION('',(0.,0.,-1.));
#3186=DIRECTION('center_axis',(0.,0.,-1.));
#3187=DIRECTION('ref_axis',(0.0192699718631227,-0.999814316853082,0.));
#3188=DIRECTION('center_axis',(0.,0.,1.));
#3189=DIRECTION('ref_axis',(0.0192699718631227,-0.999814316853082,0.));
#3190=DIRECTION('center_axis',(0.,0.,-1.));
#3191=DIRECTION('ref_axis',(0.0192699718631227,-0.999814316853082,0.));
#3192=DIRECTION('center_axis',(0.,0.,-1.));
#3193=DIRECTION('ref_axis',(-0.469491458877636,-0.882937013631748,0.));
#3194=DIRECTION('',(-4.47568277752062E-16,1.33151562631265E-14,1.));
#3195=DIRECTION('center_axis',(0.,0.,-1.));
#3196=DIRECTION('ref_axis',(-0.469491458877636,-0.882937013631748,0.));
#3197=DIRECTION('',(0.,0.,1.));
#3198=DIRECTION('center_axis',(0.,0.,1.));
#3199=DIRECTION('ref_axis',(-0.469491458877636,-0.882937013631748,0.));
#3200=DIRECTION('center_axis',(0.,0.,1.));
#3201=DIRECTION('ref_axis',(1.,0.,0.));
#3202=DIRECTION('',(1.,0.,0.));
#3203=DIRECTION('',(-4.11551334080083E-14,1.,0.));
#3204=DIRECTION('center_axis',(0.,0.,1.));
#3205=DIRECTION('ref_axis',(-0.929661693807083,0.368414352418232,0.));
#3206=DIRECTION('center_axis',(0.,0.,-1.));
#3207=DIRECTION('ref_axis',(-0.628541729864486,0.777775863484436,0.));
#3208=DIRECTION('center_axis',(0.,0.,1.));
#3209=DIRECTION('ref_axis',(-0.707106781186547,0.707106781186547,0.));
#3210=DIRECTION('center_axis',(0.,0.,-1.));
#3211=DIRECTION('ref_axis',(-0.0335944721484509,0.99943554641661,0.));
#3212=DIRECTION('',(-0.99943554641661,-0.0335944721484507,0.));
#3213=DIRECTION('center_axis',(0.,0.,-1.));
#3214=DIRECTION('ref_axis',(0.148870003564398,-0.988856775290909,2.96059473233381E-14));
#3215=DIRECTION('',(-0.999435546416609,0.0335944721484683,0.));
#3216=DIRECTION('center_axis',(0.,0.,-1.));
#3217=DIRECTION('ref_axis',(0.46951339755014,-0.882925347648896,0.));
#3218=DIRECTION('center_axis',(0.,0.,-1.));
#3219=DIRECTION('ref_axis',(0.0335944721484663,0.999435546416609,0.));
#3220=DIRECTION('center_axis',(0.,0.,1.));
#3221=DIRECTION('ref_axis',(0.707106781186547,0.707106781186547,0.));
#3222=DIRECTION('center_axis',(0.,0.,-1.));
#3223=DIRECTION('ref_axis',(0.628541729864535,0.777775863484396,0.));
#3224=DIRECTION('center_axis',(0.,0.,1.));
#3225=DIRECTION('ref_axis',(0.92966169380709,0.368414352418214,0.));
#3226=DIRECTION('',(-1.,0.,0.));
#3227=DIRECTION('center_axis',(0.,0.,-1.));
#3228=DIRECTION('ref_axis',(0.,-1.,0.));
#3229=DIRECTION('',(1.,0.,0.));
#3230=DIRECTION('center_axis',(0.,0.,-1.));
#3231=DIRECTION('ref_axis',(0.,-1.,0.));
#3232=DIRECTION('center_axis',(1.,0.,0.));
#3233=DIRECTION('ref_axis',(0.,-0.707106781186551,0.707106781186544));
#3234=DIRECTION('center_axis',(-1.,0.,0.));
#3235=DIRECTION('ref_axis',(0.,-0.707106781186551,0.707106781186544));
#3236=DIRECTION('',(-1.,0.,0.));
#3237=DIRECTION('center_axis',(1.,0.,0.));
#3238=DIRECTION('ref_axis',(0.,-0.707106781186551,0.707106781186544));
#3239=DIRECTION('',(1.,0.,0.));
#3240=DIRECTION('center_axis',(0.,0.,-1.));
#3241=DIRECTION('ref_axis',(1.,0.,0.));
#3242=DIRECTION('',(0.,-1.,0.));
#3243=DIRECTION('center_axis',(0.,0.,1.));
#3244=DIRECTION('ref_axis',(-5.9211894646675E-15,1.,0.));
#3245=DIRECTION('',(0.,1.,0.));
#3246=DIRECTION('center_axis',(1.,0.,0.));
#3247=DIRECTION('ref_axis',(0.,1.,0.));
#3248=DIRECTION('',(0.,1.,0.));
#3249=DIRECTION('',(0.,0.,1.));
#3250=DIRECTION('center_axis',(-1.,0.,0.));
#3251=DIRECTION('ref_axis',(0.,-1.,0.));
#3252=DIRECTION('',(0.,0.,1.));
#3253=DIRECTION('',(0.,1.,0.));
#3254=DIRECTION('center_axis',(0.,0.,1.));
#3255=DIRECTION('ref_axis',(-1.,0.,0.));
#3256=DIRECTION('center_axis',(0.,0.,-1.));
#3257=DIRECTION('ref_axis',(-5.9211894646675E-15,1.,0.));
#3258=DIRECTION('center_axis',(0.,1.,0.));
#3259=DIRECTION('ref_axis',(-1.,0.,0.));
#3260=DIRECTION('',(1.,0.,0.));
#3261=DIRECTION('center_axis',(0.,0.,-1.));
#3262=DIRECTION('ref_axis',(1.,0.,0.));
#3263=DIRECTION('center_axis',(0.,0.,1.));
#3264=DIRECTION('ref_axis',(1.,0.,0.));
#3265=DIRECTION('center_axis',(0.,1.,0.));
#3266=DIRECTION('ref_axis',(1.,0.,0.));
#3267=DIRECTION('',(0.,0.,-1.));
#3268=DIRECTION('',(1.,0.,0.));
#3269=DIRECTION('',(0.,0.,1.));
#3270=DIRECTION('center_axis',(0.,0.999390827019096,-0.0348994967025005));
#3271=DIRECTION('ref_axis',(-1.,0.,0.));
#3272=DIRECTION('center_axis',(0.,0.,-1.));
#3273=DIRECTION('ref_axis',(1.,0.,0.));
#3274=DIRECTION('center_axis',(0.,0.,1.));
#3275=DIRECTION('ref_axis',(0.,-1.,0.));
#3276=DIRECTION('center_axis',(1.,0.,0.));
#3277=DIRECTION('ref_axis',(0.,-0.707106781186551,0.707106781186544));
#3278=DIRECTION('center_axis',(-1.,0.,0.));
#3279=DIRECTION('ref_axis',(0.,-0.707106781186551,0.707106781186544));
#3280=DIRECTION('',(-1.,0.,0.));
#3281=DIRECTION('center_axis',(1.,0.,0.));
#3282=DIRECTION('ref_axis',(0.,-0.707106781186551,0.707106781186544));
#3283=DIRECTION('',(1.,0.,0.));
#3284=DIRECTION('center_axis',(0.,0.,1.));
#3285=DIRECTION('ref_axis',(-1.,0.,0.));
#3286=DIRECTION('',(0.,1.,0.));
#3287=DIRECTION('center_axis',(0.,0.,-1.));
#3288=DIRECTION('ref_axis',(5.9211894646675E-15,1.,0.));
#3289=DIRECTION('',(0.,-1.,0.));
#3290=DIRECTION('center_axis',(1.,0.,0.));
#3291=DIRECTION('ref_axis',(0.,1.,0.));
#3292=DIRECTION('',(0.,0.,1.));
#3293=DIRECTION('',(0.,1.,0.));
#3294=DIRECTION('center_axis',(-1.,0.,0.));
#3295=DIRECTION('ref_axis',(0.,-1.,0.));
#3296=DIRECTION('',(0.,1.,0.));
#3297=DIRECTION('',(0.,0.,1.));
#3298=DIRECTION('center_axis',(0.,0.,1.));
#3299=DIRECTION('ref_axis',(1.,0.,0.));
#3300=DIRECTION('center_axis',(0.,0.,1.));
#3301=DIRECTION('ref_axis',(5.9211894646675E-15,1.,0.));
#3302=DIRECTION('center_axis',(0.,-1.,0.));
#3303=DIRECTION('ref_axis',(1.,0.,0.));
#3304=DIRECTION('',(-1.,0.,0.));
#3305=DIRECTION('center_axis',(0.,0.,1.));
#3306=DIRECTION('ref_axis',(-1.,0.,0.));
#3307=DIRECTION('center_axis',(0.,0.,-1.));
#3308=DIRECTION('ref_axis',(-1.,0.,0.));
#3309=DIRECTION('center_axis',(0.,-1.,0.));
#3310=DIRECTION('ref_axis',(-1.,0.,0.));
#3311=DIRECTION('',(0.,0.,-1.));
#3312=DIRECTION('',(-1.,0.,0.));
#3313=DIRECTION('',(0.,0.,1.));
#3314=DIRECTION('center_axis',(0.,-0.999390827019096,0.0348994967025005));
#3315=DIRECTION('ref_axis',(1.,0.,0.));
#3316=DIRECTION('center_axis',(0.,0.,-1.));
#3317=DIRECTION('ref_axis',(-1.,0.,0.));
#3318=DIRECTION('center_axis',(0.,0.,1.));
#3319=DIRECTION('ref_axis',(0.,-1.,0.));
#3320=DIRECTION('center_axis',(0.,0.,1.));
#3321=DIRECTION('ref_axis',(1.,0.,0.));
#3322=DIRECTION('center_axis',(0.,0.,-1.));
#3323=DIRECTION('ref_axis',(1.,0.,0.));
#3324=DIRECTION('',(-0.999435546416602,-0.0335944721486737,0.));
#3325=DIRECTION('',(-0.999435546416616,0.0335944721482643,0.));
#3326=DIRECTION('center_axis',(0.,0.,-1.));
#3327=DIRECTION('ref_axis',(1.,0.,0.));
#3328=DIRECTION('',(-4.11551334080083E-14,1.,0.));
#3329=DIRECTION('center_axis',(0.,0.,-1.));
#3330=DIRECTION('ref_axis',(1.,0.,0.));
#3331=DIRECTION('',(0.99943554641661,0.0335944721484514,0.));
#3332=DIRECTION('',(0.999435546416609,-0.0335944721484669,0.));
#3333=DIRECTION('center_axis',(0.,0.,-1.));
#3334=DIRECTION('ref_axis',(1.,0.,0.));
#3335=DIRECTION('center_axis',(0.,0.,-1.));
#3336=DIRECTION('ref_axis',(0.92966169380709,0.368414352418214,0.));
#3337=DIRECTION('center_axis',(0.,0.,1.));
#3338=DIRECTION('ref_axis',(0.628541729864535,0.777775863484396,0.));
#3339=DIRECTION('center_axis',(0.,0.,-1.));
#3340=DIRECTION('ref_axis',(0.707106781186547,0.707106781186547,0.));
#3341=DIRECTION('center_axis',(0.,0.,1.));
#3342=DIRECTION('ref_axis',(0.0335944721484663,0.999435546416609,0.));
#3343=DIRECTION('center_axis',(0.,0.,1.));
#3344=DIRECTION('ref_axis',(0.46951339755014,-0.882925347648896,0.));
#3345=DIRECTION('center_axis',(0.,0.,1.));
#3346=DIRECTION('ref_axis',(0.958771315241465,0.284178755487019,0.));
#3347=DIRECTION('center_axis',(0.,0.,1.));
#3348=DIRECTION('ref_axis',(0.284178755487064,-0.958771315241452,0.));
#3349=DIRECTION('',(0.999435546416609,-0.0335944721484683,0.));
#3350=DIRECTION('',(0.99943554641661,0.0335944721484507,0.));
#3351=DIRECTION('center_axis',(0.,0.,1.));
#3352=DIRECTION('ref_axis',(-0.284178755487081,-0.958771315241447,0.));
#3353=DIRECTION('center_axis',(0.,0.,1.));
#3354=DIRECTION('ref_axis',(-0.958771315241456,0.284178755487052,0.));
#3355=DIRECTION('center_axis',(0.,0.,1.));
#3356=DIRECTION('ref_axis',(-0.0335944721484509,0.99943554641661,0.));
#3357=DIRECTION('center_axis',(0.,0.,-1.));
#3358=DIRECTION('ref_axis',(-0.707106781186547,0.707106781186547,0.));
#3359=DIRECTION('center_axis',(0.,0.,1.));
#3360=DIRECTION('ref_axis',(-0.628541729864486,0.777775863484436,0.));
#3361=DIRECTION('center_axis',(0.,0.,-1.));
#3362=DIRECTION('ref_axis',(-0.929661693807083,0.368414352418232,0.));
#3363=DIRECTION('',(-4.11551334080083E-14,1.,0.));
#3364=DIRECTION('',(-1.,0.,0.));
#3365=DIRECTION('',(-4.11551334080083E-14,1.,0.));
#3366=DIRECTION('',(-1.,-4.50340271543608E-14,0.));
#3367=DIRECTION('',(4.11551334080083E-14,-1.,0.));
#3368=DIRECTION('',(-1.,0.,0.));
#3369=DIRECTION('',(-4.11551334080083E-14,1.,0.));
#3370=DIRECTION('',(-1.,-4.11594877422007E-14,0.));
#3371=DIRECTION('',(4.11551334080083E-14,-1.,0.));
#3372=DIRECTION('',(-1.,0.,0.));
#3373=DIRECTION('',(4.11551334080083E-14,1.,0.));
#3374=DIRECTION('',(-1.,4.50340271543608E-14,0.));
#3375=DIRECTION('',(-4.11551334080083E-14,-1.,0.));
#3376=DIRECTION('',(-1.,0.,1.77635687910492E-17));
#3377=DIRECTION('center_axis',(0.,0.,1.));
#3378=DIRECTION('ref_axis',(0.,-1.,0.));
#3379=DIRECTION('center_axis',(0.,0.,1.));
#3380=DIRECTION('ref_axis',(0.,-1.,0.));
#3381=DIRECTION('center_axis',(0.,-1.,0.));
#3382=DIRECTION('ref_axis',(0.,0.,-1.));
#3383=DIRECTION('',(0.,0.,-1.));
#3384=DIRECTION('',(-1.,0.,0.));
#3385=DIRECTION('',(0.,0.,1.));
#3386=DIRECTION('',(0.,0.,-1.));
#3387=DIRECTION('',(-1.,0.,0.));
#3388=DIRECTION('',(0.,0.,1.));
#3389=DIRECTION('',(0.,0.,-1.));
#3390=DIRECTION('',(-1.,0.,0.));
#3391=DIRECTION('',(0.,0.,1.));
#3392=DIRECTION('center_axis',(-1.,-4.11551334080083E-14,0.));
#3393=DIRECTION('ref_axis',(-4.11551334080083E-14,1.,0.));
#3394=DIRECTION('',(0.,0.,1.));
#3395=DIRECTION('center_axis',(-1.,-4.50340271543608E-14,0.));
#3396=DIRECTION('ref_axis',(0.,0.,1.));
#3397=DIRECTION('center_axis',(-1.,-4.11551334080083E-14,0.));
#3398=DIRECTION('ref_axis',(0.,0.,1.));
#3399=DIRECTION('',(1.,4.50340271543608E-14,0.));
#3400=DIRECTION('center_axis',(1.,4.11551334080083E-14,0.));
#3401=DIRECTION('ref_axis',(0.,0.,1.));
#3402=DIRECTION('center_axis',(-1.,4.50340271543608E-14,0.));
#3403=DIRECTION('ref_axis',(0.,0.,1.));
#3404=DIRECTION('center_axis',(-1.,4.11551334080083E-14,0.));
#3405=DIRECTION('ref_axis',(0.,0.,1.));
#3406=DIRECTION('',(1.,-4.50340271543608E-14,0.));
#3407=DIRECTION('center_axis',(1.,-4.11551334080083E-14,0.));
#3408=DIRECTION('ref_axis',(0.,0.,1.));
#3409=DIRECTION('center_axis',(-1.,-4.11594877422007E-14,0.));
#3410=DIRECTION('ref_axis',(0.,0.,1.));
#3411=DIRECTION('center_axis',(-1.,-4.11551334080083E-14,0.));
#3412=DIRECTION('ref_axis',(0.,0.,1.));
#3413=DIRECTION('',(1.,4.11594877422007E-14,0.));
#3414=DIRECTION('center_axis',(1.,4.11551334080083E-14,0.));
#3415=DIRECTION('ref_axis',(0.,0.,1.));
#3416=DIRECTION('center_axis',(-1.,-4.11551334080083E-14,0.));
#3417=DIRECTION('ref_axis',(4.11551334080083E-14,-1.,0.));
#3418=DIRECTION('',(4.11551334080083E-14,-1.,0.));
#3419=DIRECTION('center_axis',(-1.,-4.11551334080083E-14,0.));
#3420=DIRECTION('ref_axis',(4.11551334080083E-14,-1.,0.));
#3421=DIRECTION('center_axis',(1.,4.11551334080083E-14,0.));
#3422=DIRECTION('ref_axis',(4.11551334080083E-14,-1.,0.));
#3423=DIRECTION('center_axis',(0.,0.,-1.));
#3424=DIRECTION('ref_axis',(4.11551334080083E-14,-1.,0.));
#3425=DIRECTION('',(-4.11551334080083E-14,1.,0.));
#3426=DIRECTION('',(-1.,-4.11594877422009E-14,0.));
#3427=DIRECTION('center_axis',(-1.,-4.11551334080083E-14,0.));
#3428=DIRECTION('ref_axis',(4.11551334080083E-14,-1.,0.));
#3429=DIRECTION('center_axis',(1.,4.11551334080083E-14,0.));
#3430=DIRECTION('ref_axis',(4.11551334080083E-14,-1.,0.));
#3431=DIRECTION('center_axis',(-1.,-4.11551334080083E-14,0.));
#3432=DIRECTION('ref_axis',(4.11551334080083E-14,-1.,0.));
#3433=DIRECTION('center_axis',(-1.,-4.11594877422009E-14,0.));
#3434=DIRECTION('ref_axis',(4.11594877422009E-14,-1.,0.));
#3435=DIRECTION('',(1.,4.11594877422009E-14,0.));
#3436=DIRECTION('center_axis',(-1.,-4.11594877422009E-14,0.));
#3437=DIRECTION('ref_axis',(4.11594877422009E-14,-1.,0.));
#3438=DIRECTION('center_axis',(-1.,4.07081775695891E-14,0.));
#3439=DIRECTION('ref_axis',(-4.07081775695891E-14,-1.,0.));
#3440=DIRECTION('center_axis',(1.,-4.11551334080083E-14,0.));
#3441=DIRECTION('ref_axis',(-4.11551334080083E-14,-1.,0.));
#3442=DIRECTION('',(-1.,4.07081775695891E-14,0.));
#3443=DIRECTION('center_axis',(-1.,4.11551334080083E-14,0.));
#3444=DIRECTION('ref_axis',(-4.11551334080083E-14,-1.,0.));
#3445=DIRECTION('center_axis',(0.,0.,1.));
#3446=DIRECTION('ref_axis',(-4.11551334080083E-14,-1.,0.));
#3447=DIRECTION('',(-4.11551334080083E-14,-1.,0.));
#3448=DIRECTION('',(-4.11551334080083E-14,-1.,0.));
#3449=DIRECTION('',(1.,-4.07081775695891E-14,0.));
#3450=DIRECTION('center_axis',(-1.,4.07081775695891E-14,0.));
#3451=DIRECTION('ref_axis',(-4.07081775695891E-14,-1.,0.));
#3452=DIRECTION('center_axis',(-1.,4.11551334080083E-14,0.));
#3453=DIRECTION('ref_axis',(-4.11551334080083E-14,-1.,0.));
#3454=DIRECTION('center_axis',(-1.,4.11551334080083E-14,0.));
#3455=DIRECTION('ref_axis',(-4.11551334080083E-14,-1.,0.));
#3456=DIRECTION('center_axis',(-1.,4.11551334080083E-14,0.));
#3457=DIRECTION('ref_axis',(-4.11551334080083E-14,-1.,0.));
#3458=DIRECTION('center_axis',(-1.,4.11551334080083E-14,0.));
#3459=DIRECTION('ref_axis',(-4.11551334080083E-14,-1.,0.));
#3460=DIRECTION('center_axis',(-1.,-4.07081775695891E-14,0.));
#3461=DIRECTION('ref_axis',(4.07081775695891E-14,-1.,0.));
#3462=DIRECTION('center_axis',(1.,4.11551334080083E-14,0.));
#3463=DIRECTION('ref_axis',(4.11551334080083E-14,-1.,0.));
#3464=DIRECTION('',(1.,4.07081775695891E-14,0.));
#3465=DIRECTION('center_axis',(-1.,-4.11551334080083E-14,0.));
#3466=DIRECTION('ref_axis',(4.11551334080083E-14,-1.,0.));
#3467=DIRECTION('center_axis',(0.,0.,-1.));
#3468=DIRECTION('ref_axis',(4.11551334080083E-14,-1.,0.));
#3469=DIRECTION('',(4.11551334080083E-14,-1.,0.));
#3470=DIRECTION('',(-1.,-4.07081775695891E-14,0.));
#3471=DIRECTION('',(4.11551334080083E-14,-1.,0.));
#3472=DIRECTION('center_axis',(-1.,-4.07081775695891E-14,0.));
#3473=DIRECTION('ref_axis',(4.07081775695891E-14,-1.,0.));
#3474=DIRECTION('center_axis',(-1.,-4.11551334080083E-14,0.));
#3475=DIRECTION('ref_axis',(4.11551334080083E-14,-1.,0.));
#3476=DIRECTION('center_axis',(-1.,-4.11551334080083E-14,0.));
#3477=DIRECTION('ref_axis',(4.11551334080083E-14,-1.,0.));
#3478=DIRECTION('center_axis',(-1.,-4.11551334080083E-14,0.));
#3479=DIRECTION('ref_axis',(4.11551334080083E-14,-1.,0.));
#3480=DIRECTION('center_axis',(-1.,-4.11551334080083E-14,0.));
#3481=DIRECTION('ref_axis',(4.11551334080083E-14,-1.,0.));
#3482=DIRECTION('center_axis',(0.,0.,1.));
#3483=DIRECTION('ref_axis',(-0.958771315241445,0.284178755487089,0.));
#3484=DIRECTION('center_axis',(0.819705120422354,-0.572785750131211,0.));
#3485=DIRECTION('ref_axis',(0.,0.,-1.));
#3486=DIRECTION('center_axis',(0.,0.,-1.));
#3487=DIRECTION('ref_axis',(-0.958771315241456,0.284178755487052,0.));
#3488=DIRECTION('center_axis',(0.,0.,1.));
#3489=DIRECTION('ref_axis',(1.,0.,0.));
#3490=DIRECTION('center_axis',(0.99943554641661,0.0335944721484437,0.));
#3491=DIRECTION('ref_axis',(0.,0.,-1.));
#3492=DIRECTION('center_axis',(0.,0.,-1.));
#3493=DIRECTION('ref_axis',(-0.284178755487081,-0.958771315241447,0.));
#3494=DIRECTION('center_axis',(0.99943554641661,0.0335944721484507,0.));
#3495=DIRECTION('ref_axis',(-0.0237548790665532,0.706707652230066,-0.707106781186549));
#3496=DIRECTION('',(-0.99943554641661,-0.0335944721484507,0.));
#3497=DIRECTION('center_axis',(1.,2.10857982385605E-13,0.));
#3498=DIRECTION('ref_axis',(2.10857982385605E-13,-1.,0.));
#3499=DIRECTION('center_axis',(0.999435546416609,-0.0335944721484683,0.));
#3500=DIRECTION('ref_axis',(0.0237548790665597,0.706707652230047,-0.707106781186567));
#3501=DIRECTION('center_axis',(0.999435546416609,-0.0335944721484801,0.));
#3502=DIRECTION('ref_axis',(0.,0.,-1.));
#3503=DIRECTION('',(-0.999435546416609,0.0335944721484683,0.));
#3504=DIRECTION('center_axis',(0.,0.,-1.));
#3505=DIRECTION('ref_axis',(-1.,0.,0.));
#3506=DIRECTION('center_axis',(0.819705120422362,0.572785750131199,0.));
#3507=DIRECTION('ref_axis',(0.,0.,-1.));
#3508=DIRECTION('center_axis',(0.,0.,-1.));
#3509=DIRECTION('ref_axis',(0.284178755487064,-0.958771315241452,0.));
#3510=DIRECTION('center_axis',(0.,0.,-1.));
#3511=DIRECTION('ref_axis',(0.958771315241456,0.284178755487051,0.));
#3512=DIRECTION('center_axis',(0.,0.,-1.));
#3513=DIRECTION('ref_axis',(0.958771315241465,0.284178755487019,0.));
#3514=DIRECTION('center_axis',(0.99943554641661,0.0335944721484507,-1.72962049877143E-15));
#3515=DIRECTION('ref_axis',(-0.0237548790665521,0.706707652230079,0.707106781186536));
#3516=DIRECTION('center_axis',(1.,7.47035746179136E-13,-8.88178419702782E-15));
#3517=DIRECTION('ref_axis',(-7.47040233428129E-13,1.,-3.67137694046823E-13));
#3518=DIRECTION('',(-0.99943554641661,-0.0335944721484507,1.72962049877143E-15));
#3519=DIRECTION('center_axis',(0.999435546416609,0.0335944721484789,-1.19351540733984E-15));
#3520=DIRECTION('ref_axis',(-0.0335944721484789,0.999435546416609,-1.77635683940023E-14));
#3521=DIRECTION('',(0.99943554641661,0.0335944721484507,-1.72962049877143E-15));
#3522=DIRECTION('center_axis',(0.999435546416609,-0.0335944721484683,0.));
#3523=DIRECTION('ref_axis',(0.0237548790665467,0.70670765223011,0.707106781186505));
#3524=DIRECTION('',(0.999435546416609,-0.0335944721484683,0.));
#3525=DIRECTION('center_axis',(-0.999435546416609,0.0335944721484777,-1.1935154073398E-15));
#3526=DIRECTION('ref_axis',(0.,3.55271367880051E-14,1.));
#3527=DIRECTION('',(-0.999435546416609,0.0335944721484683,0.));
#3528=DIRECTION('center_axis',(-8.65298670321106E-16,-2.57426354420446E-14,
-1.));
#3529=DIRECTION('ref_axis',(-1.,0.,8.88178419700125E-16));
#3530=DIRECTION('center_axis',(-0.819705120422371,-0.572785750131187,2.03494376951308E-14));
#3531=DIRECTION('ref_axis',(0.572785750131187,-0.819705120422371,2.6645352591004E-14));
#3532=DIRECTION('center_axis',(-8.65298670321106E-16,-2.57426354420446E-14,
-1.));
#3533=DIRECTION('ref_axis',(0.284178755487065,-0.958771315241452,2.44354009412939E-14));
#3534=DIRECTION('center_axis',(0.999435546416609,-0.0335944721484789,1.19351540733984E-15));
#3535=DIRECTION('ref_axis',(0.,3.55271367880051E-14,1.));
#3536=DIRECTION('center_axis',(8.65298670321106E-16,2.57426354420446E-14,
1.));
#3537=DIRECTION('ref_axis',(0.284178755487065,-0.958771315241452,2.44422537765131E-14));
#3538=DIRECTION('center_axis',(-0.999435546416609,0.0335944721484683,0.));
#3539=DIRECTION('ref_axis',(-0.0237548790665476,-0.706707652230035,0.70710678118658));
#3540=DIRECTION('',(0.999435546416609,-0.0335944721484683,0.));
#3541=DIRECTION('',(-0.999435546416609,0.0335944721484683,0.));
#3542=DIRECTION('center_axis',(1.,9.10164821850847E-13,-1.21430643350712E-16));
#3543=DIRECTION('ref_axis',(9.10164821850847E-13,-1.,3.6125616395846E-15));
#3544=DIRECTION('center_axis',(-0.99943554641661,-0.0335944721484507,1.72962049877143E-15));
#3545=DIRECTION('ref_axis',(0.0237548790665533,-0.706707652230041,0.707106781186574));
#3546=DIRECTION('',(-0.99943554641661,-0.0335944721484507,1.72962049877143E-15));
#3547=DIRECTION('center_axis',(0.999435546416609,0.0335944721484777,-1.1935154073398E-15));
#3548=DIRECTION('ref_axis',(0.,3.55271367880051E-14,1.));
#3549=DIRECTION('',(0.99943554641661,0.0335944721484507,-1.72962049877143E-15));
#3550=DIRECTION('center_axis',(-8.65298670321106E-16,-2.57426354420446E-14,
-1.));
#3551=DIRECTION('ref_axis',(-1.,0.,8.88178419700122E-16));
#3552=DIRECTION('center_axis',(0.819705120422371,-0.572785750131187,2.03494376951247E-14));
#3553=DIRECTION('ref_axis',(0.,3.55271367879944E-14,1.));
#3554=DIRECTION('center_axis',(8.65298670321106E-16,2.57426354420446E-14,
1.));
#3555=DIRECTION('ref_axis',(-0.284178755487084,-0.958771315241446,2.49279763497867E-14));
#3556=DIRECTION('center_axis',(-8.65298670321106E-16,-2.57426354420446E-14,
-1.));
#3557=DIRECTION('ref_axis',(-0.284178755487084,-0.958771315241446,2.49271999398067E-14));
#3558=DIRECTION('center_axis',(-0.0787603560357289,-0.988395877156495,0.129886089852482));
#3559=DIRECTION('ref_axis',(-0.512484824842686,0.151899934233171,0.845154254728638));
#3560=DIRECTION('center_axis',(-4.47568277752067E-16,1.33151562631265E-14,
1.));
#3561=DIRECTION('ref_axis',(-0.958771315241456,0.284178755487052,0.));
#3562=DIRECTION('center_axis',(0.0787603560357575,-0.988395877156498,0.129886089852447));
#3563=DIRECTION('ref_axis',(0.512484824842885,0.151899934233171,0.845154254728518));
#3564=DIRECTION('center_axis',(8.65298670321098E-16,2.57426354420446E-14,
1.));
#3565=DIRECTION('ref_axis',(0.958771315241456,0.284178755487052,-8.88178419700138E-15));
#3566=DIRECTION('center_axis',(-2.08388973206177E-18,-2.57427053198758E-14,
-1.));
#3567=DIRECTION('ref_axis',(0.148870003564398,-0.988856775290909,2.96059473233381E-14));
#3568=DIRECTION('',(8.65298670321106E-16,2.57426354420446E-14,1.));
#3569=DIRECTION('',(4.47568277752062E-16,-1.33151562631265E-14,-1.));
#3570=DIRECTION('center_axis',(0.0335944721484683,0.999435546416609,-2.57571741713036E-14));
#3571=DIRECTION('ref_axis',(0.999435546416609,-0.0335944721484683,0.));
#3572=DIRECTION('',(8.65298670321098E-16,2.57426354420446E-14,1.));
#3573=DIRECTION('',(-8.65298670321106E-16,-2.57426354420446E-14,-1.));
#3574=DIRECTION('center_axis',(-8.65298670321098E-16,-2.57426354420446E-14,
-1.));
#3575=DIRECTION('ref_axis',(0.958771315241455,0.284178755487055,0.));
#3576=DIRECTION('',(-8.65298670321106E-16,-2.57426354420446E-14,-1.));
#3577=DIRECTION('center_axis',(-8.65298670321106E-16,-2.57426354420446E-14,
-1.));
#3578=DIRECTION('ref_axis',(0.798374777489062,-0.60216087108786,1.4432899320127E-14));
#3579=DIRECTION('',(-8.65298670321106E-16,-2.57426354420446E-14,-1.));
#3580=DIRECTION('center_axis',(-8.65298670321106E-16,-2.57426354420446E-14,
-1.));
#3581=DIRECTION('ref_axis',(0.0335944721484683,0.999435546416609,-2.57571741713036E-14));
#3582=DIRECTION('center_axis',(-4.47568277752067E-16,1.33151562631265E-14,
1.));
#3583=DIRECTION('ref_axis',(-0.958771315241455,0.284178755487055,0.));
#3584=DIRECTION('',(-4.47568277752062E-16,1.33151562631265E-14,1.));
#3585=DIRECTION('',(4.47568277752067E-16,-1.33151562631265E-14,-1.));
#3586=DIRECTION('center_axis',(-0.0335944721484507,0.99943554641661,-1.33226762955019E-14));
#3587=DIRECTION('ref_axis',(0.99943554641661,0.0335944721484507,0.));
#3588=DIRECTION('center_axis',(0.0335944721484683,0.999435546416609,-2.57571741713036E-14));
#3589=DIRECTION('ref_axis',(0.999435546416609,-0.0335944721484683,0.));
#3590=DIRECTION('',(-1.8506761798268E-13,-1.95509608433079E-14,-1.));
#3591=DIRECTION('center_axis',(-4.47568277752062E-16,1.33151562631265E-14,
1.));
#3592=DIRECTION('ref_axis',(-0.798374777489073,-0.602160871087846,7.77156117237608E-15));
#3593=DIRECTION('',(-4.47568277752062E-16,1.33151562631265E-14,1.));
#3594=DIRECTION('center_axis',(-0.0335944721484507,0.99943554641661,-1.33226762955019E-14));
#3595=DIRECTION('ref_axis',(0.99943554641661,0.0335944721484507,0.));
#3596=DIRECTION('center_axis',(0.,0.,1.));
#3597=DIRECTION('ref_axis',(0.46951339755014,-0.882925347648896,0.));
#3598=DIRECTION('',(0.,0.,-1.));
#3599=DIRECTION('center_axis',(0.,0.,1.));
#3600=DIRECTION('ref_axis',(0.0335944721484663,0.999435546416609,0.));
#3601=DIRECTION('',(0.,0.,-1.));
#3602=DIRECTION('center_axis',(-1.,-4.11551334080083E-14,0.));
#3603=DIRECTION('ref_axis',(4.11551334080083E-14,-1.,0.));
#3604=DIRECTION('',(0.,0.,-1.));
#3605=DIRECTION('',(0.,0.,1.));
#3606=DIRECTION('center_axis',(0.,0.,1.));
#3607=DIRECTION('ref_axis',(-0.718886107860006,-0.695127875952254,0.));
#3608=DIRECTION('',(0.,0.,1.));
#3609=DIRECTION('center_axis',(-0.0335944721482643,-0.999435546416616,0.));
#3610=DIRECTION('ref_axis',(0.999435546416616,-0.0335944721482643,0.));
#3611=DIRECTION('',(0.,0.,1.));
#3612=DIRECTION('center_axis',(0.0335944721486737,-0.999435546416602,0.));
#3613=DIRECTION('ref_axis',(0.999435546416602,0.0335944721486737,0.));
#3614=DIRECTION('',(0.,0.,1.));
#3615=DIRECTION('center_axis',(0.,0.,1.));
#3616=DIRECTION('ref_axis',(0.718886107860168,-0.695127875952087,0.));
#3617=DIRECTION('center_axis',(1.,2.45702289003114E-16,0.));
#3618=DIRECTION('ref_axis',(-2.45702289003114E-16,1.,0.));
#3619=DIRECTION('',(0.,0.,-1.));
#3620=DIRECTION('',(2.45702289003114E-16,-1.,0.));
#3621=DIRECTION('',(0.,0.,1.));
#3622=DIRECTION('center_axis',(0.,0.,1.));
#3623=DIRECTION('ref_axis',(0.718886107860092,0.695127875952165,0.));
#3624=DIRECTION('center_axis',(0.,0.,-1.));
#3625=DIRECTION('ref_axis',(0.718886107860092,0.695127875952165,0.));
#3626=DIRECTION('',(0.,0.,1.));
#3627=DIRECTION('center_axis',(0.0335944721484669,0.999435546416609,0.));
#3628=DIRECTION('ref_axis',(-0.999435546416609,0.0335944721484669,0.));
#3629=DIRECTION('',(0.999435546416609,-0.0335944721484669,0.));
#3630=DIRECTION('',(0.,0.,-1.));
#3631=DIRECTION('center_axis',(-0.0335944721484514,0.99943554641661,0.));
#3632=DIRECTION('ref_axis',(-0.99943554641661,-0.0335944721484514,0.));
#3633=DIRECTION('',(0.99943554641661,0.0335944721484514,0.));
#3634=DIRECTION('',(0.,0.,1.));
#3635=DIRECTION('center_axis',(0.,0.,1.));
#3636=DIRECTION('ref_axis',(-0.718886107860102,0.695127875952154,0.));
#3637=DIRECTION('center_axis',(0.,0.,-1.));
#3638=DIRECTION('ref_axis',(-0.718886107860102,0.695127875952154,0.));
#3639=DIRECTION('',(0.,0.,1.));
#3640=DIRECTION('center_axis',(-1.,-4.11551334080083E-14,0.));
#3641=DIRECTION('ref_axis',(4.11551334080083E-14,-1.,0.));
#3642=DIRECTION('',(0.,0.,1.));
#3643=DIRECTION('',(-4.11551334080083E-14,1.,0.));
#3644=DIRECTION('center_axis',(0.,0.,1.));
#3645=DIRECTION('ref_axis',(0.0335944721484046,0.999435546416611,0.));
#3646=DIRECTION('center_axis',(0.,0.,-1.));
#3647=DIRECTION('ref_axis',(0.0335944721484046,0.999435546416611,0.));
#3648=DIRECTION('center_axis',(0.,0.,1.));
#3649=DIRECTION('ref_axis',(-0.0335944721484456,-0.99943554641661,0.));
#3650=DIRECTION('center_axis',(0.,0.,-1.));
#3651=DIRECTION('ref_axis',(-0.0335944721484456,-0.99943554641661,0.));
#3652=DIRECTION('center_axis',(0.,0.,1.));
#3653=DIRECTION('ref_axis',(1.,0.,0.));
#3654=DIRECTION('',(-4.11551334080083E-14,1.,0.));
#3655=DIRECTION('center_axis',(0.,0.,-1.));
#3656=DIRECTION('ref_axis',(0.718886107860093,0.695127875952164,0.));
#3657=DIRECTION('',(0.999435546416609,-0.0335944721484669,0.));
#3658=DIRECTION('',(0.99943554641661,0.0335944721484514,0.));
#3659=DIRECTION('center_axis',(0.,0.,-1.));
#3660=DIRECTION('ref_axis',(-0.718886107860102,0.695127875952154,0.));
#3661=DIRECTION('center_axis',(0.,0.,1.));
#3662=DIRECTION('ref_axis',(1.,0.,0.));
#3663=DIRECTION('center_axis',(0.99943554641661,0.0335944721484526,0.));
#3664=DIRECTION('ref_axis',(-0.0335944721484526,0.99943554641661,2.22044604925031E-15));
#3665=DIRECTION('center_axis',(-3.99680288865054E-14,1.,0.));
#3666=DIRECTION('ref_axis',(-1.,-3.99680288865054E-14,2.2204460492503E-15));
#3667=DIRECTION('center_axis',(4.11551334080083E-14,-1.,0.));
#3668=DIRECTION('ref_axis',(-0.70710678118654,-3.14018491736758E-14,0.707106781186555));
#3669=DIRECTION('center_axis',(-3.99680288865061E-14,1.,0.));
#3670=DIRECTION('ref_axis',(-1.,-3.99680288865061E-14,2.22044604925034E-15));
#3671=DIRECTION('center_axis',(0.,0.,1.));
#3672=DIRECTION('ref_axis',(1.,0.,0.));
#3673=DIRECTION('center_axis',(-0.999435546416616,0.033594472148266,0.));
#3674=DIRECTION('ref_axis',(-0.033594472148266,-0.999435546416616,2.2204460492503E-15));
#3675=DIRECTION('center_axis',(0.999435546416616,-0.0335944721482643,0.));
#3676=DIRECTION('ref_axis',(-0.0237548790664217,-0.70670765223007,0.707106781186549));
#3677=DIRECTION('center_axis',(1.,1.53418190765446E-13,-3.60822483003176E-15));
#3678=DIRECTION('ref_axis',(1.53418190765446E-13,-1.,-1.07344688693243E-13));
#3679=DIRECTION('center_axis',(0.999435546416602,0.0335944721486737,0.));
#3680=DIRECTION('ref_axis',(0.0237548790667097,-0.706707652230062,0.707106781186548));
#3681=DIRECTION('center_axis',(-0.999435546416602,-0.0335944721486661,0.));
#3682=DIRECTION('ref_axis',(0.0335944721486661,-0.999435546416602,2.22044604925033E-15));
#3683=DIRECTION('center_axis',(0.,0.,1.));
#3684=DIRECTION('ref_axis',(1.,0.,0.));
#3685=DIRECTION('center_axis',(0.,0.,1.));
#3686=DIRECTION('ref_axis',(1.,0.,0.));
#3687=DIRECTION('center_axis',(0.999435546416609,-0.0335944721484616,0.));
#3688=DIRECTION('ref_axis',(0.0335944721484616,0.999435546416609,2.22044604925032E-15));
#3689=DIRECTION('center_axis',(-0.999435546416609,0.0335944721484669,0.));
#3690=DIRECTION('ref_axis',(0.0237548790665661,0.706707652230064,0.70710678118655));
#3691=DIRECTION('center_axis',(-1.,1.10174634632383E-14,-2.22044604925031E-15));
#3692=DIRECTION('ref_axis',(1.10174634632385E-14,1.,-6.6058269965187E-14));
#3693=DIRECTION('center_axis',(-0.99943554641661,-0.0335944721484514,0.));
#3694=DIRECTION('ref_axis',(-0.0237548790665525,0.706707652230067,0.707106781186547));
#3695=DIRECTION('center_axis',(0.,0.,-1.));
#3696=DIRECTION('ref_axis',(0.92966169380709,0.368414352418214,0.));
#3697=DIRECTION('',(0.,0.,1.));
#3698=DIRECTION('center_axis',(0.,0.,-1.));
#3699=DIRECTION('ref_axis',(0.628541729864535,0.777775863484396,0.));
#3700=DIRECTION('',(0.,0.,1.));
#3701=DIRECTION('center_axis',(0.,0.,-1.));
#3702=DIRECTION('ref_axis',(0.707106781186547,0.707106781186547,0.));
#3703=DIRECTION('center_axis',(0.,0.,-1.));
#3704=DIRECTION('ref_axis',(-0.0335944721484509,0.99943554641661,0.));
#3705=DIRECTION('',(0.,0.,1.));
#3706=DIRECTION('center_axis',(0.,0.,-1.));
#3707=DIRECTION('ref_axis',(-0.707106781186547,0.707106781186547,0.));
#3708=DIRECTION('',(0.,0.,-1.));
#3709=DIRECTION('center_axis',(0.,0.,1.));
#3710=DIRECTION('ref_axis',(-0.628541729864486,0.777775863484436,0.));
#3711=DIRECTION('',(0.,0.,-1.));
#3712=DIRECTION('center_axis',(0.,0.,-1.));
#3713=DIRECTION('ref_axis',(-0.929661693807083,0.368414352418232,0.));
#3714=DIRECTION('center_axis',(0.,0.,-1.));
#3715=DIRECTION('ref_axis',(0.,-1.,0.));
#3716=DIRECTION('center_axis',(0.,0.,-1.));
#3717=DIRECTION('ref_axis',(0.,-1.,0.));
#3718=DIRECTION('center_axis',(-1.,0.,0.));
#3719=DIRECTION('ref_axis',(0.,-1.,0.));
#3720=DIRECTION('',(0.,-1.,0.));
#3721=DIRECTION('center_axis',(1.,0.,0.));
#3722=DIRECTION('ref_axis',(0.,0.707106781186551,0.707106781186544));
#3723=DIRECTION('',(0.,0.,1.));
#3724=DIRECTION('',(0.,-1.,0.));
#3725=DIRECTION('center_axis',(0.,0.,1.));
#3726=DIRECTION('ref_axis',(1.,0.,0.));
#3727=DIRECTION('center_axis',(0.,0.,-1.));
#3728=DIRECTION('ref_axis',(5.9211894646675E-15,-1.,0.));
#3729=DIRECTION('center_axis',(0.,0.,1.));
#3730=DIRECTION('ref_axis',(5.9211894646675E-15,-1.,0.));
#3731=DIRECTION('center_axis',(0.,0.,1.));
#3732=DIRECTION('ref_axis',(-1.,0.,0.));
#3733=DIRECTION('',(0.,1.,0.));
#3734=DIRECTION('',(1.,0.,0.));
#3735=DIRECTION('center_axis',(1.,0.,0.));
#3736=DIRECTION('ref_axis',(0.,1.,0.));
#3737=DIRECTION('',(0.,-1.,0.));
#3738=DIRECTION('',(0.,0.,1.));
#3739=DIRECTION('center_axis',(-1.,0.,0.));
#3740=DIRECTION('ref_axis',(0.,0.707106781186551,0.707106781186544));
#3741=DIRECTION('center_axis',(-1.,0.,0.));
#3742=DIRECTION('ref_axis',(0.,0.707106781186551,0.707106781186544));
#3743=DIRECTION('',(-1.,0.,0.));
#3744=DIRECTION('center_axis',(0.,1.,0.));
#3745=DIRECTION('ref_axis',(-1.,0.,0.));
#3746=DIRECTION('',(1.,0.,0.));
#3747=DIRECTION('center_axis',(0.,0.,1.));
#3748=DIRECTION('ref_axis',(-1.,0.,0.));
#3749=DIRECTION('center_axis',(0.,0.,-1.));
#3750=DIRECTION('ref_axis',(-1.,0.,0.));
#3751=DIRECTION('center_axis',(0.,0.,-1.));
#3752=DIRECTION('ref_axis',(-1.,0.,0.));
#3753=DIRECTION('center_axis',(0.,0.,1.));
#3754=DIRECTION('ref_axis',(-1.,0.,0.));
#3755=DIRECTION('',(0.,0.,-1.));
#3756=DIRECTION('center_axis',(0.,0.,1.));
#3757=DIRECTION('ref_axis',(-1.,0.,0.));
#3758=DIRECTION('',(0.,0.,-1.));
#3759=DIRECTION('center_axis',(0.,1.,0.));
#3760=DIRECTION('ref_axis',(1.,0.,0.));
#3761=DIRECTION('',(-1.,0.,0.));
#3762=DIRECTION('',(1.,0.,0.));
#3763=DIRECTION('center_axis',(0.,0.,-1.));
#3764=DIRECTION('ref_axis',(-1.,0.,0.));
#3765=DIRECTION('center_axis',(0.,0.999390827019096,0.0348994967025005));
#3766=DIRECTION('ref_axis',(-1.,0.,0.));
#3767=DIRECTION('center_axis',(0.,0.,-1.));
#3768=DIRECTION('ref_axis',(-1.,0.,0.));
#3769=DIRECTION('center_axis',(-1.,0.,0.));
#3770=DIRECTION('ref_axis',(0.,-1.,0.));
#3771=DIRECTION('',(0.,-1.,0.));
#3772=DIRECTION('',(0.,0.,1.));
#3773=DIRECTION('center_axis',(1.,0.,0.));
#3774=DIRECTION('ref_axis',(0.,0.707106781186551,0.707106781186544));
#3775=DIRECTION('',(0.,-1.,0.));
#3776=DIRECTION('center_axis',(0.,0.,1.));
#3777=DIRECTION('ref_axis',(-1.,0.,0.));
#3778=DIRECTION('center_axis',(0.,0.,-1.));
#3779=DIRECTION('ref_axis',(-5.9211894646675E-15,-1.,0.));
#3780=DIRECTION('center_axis',(0.,0.,1.));
#3781=DIRECTION('ref_axis',(-5.9211894646675E-15,-1.,0.));
#3782=DIRECTION('center_axis',(0.,0.,-1.));
#3783=DIRECTION('ref_axis',(1.,0.,0.));
#3784=DIRECTION('',(-1.,0.,0.));
#3785=DIRECTION('',(0.,1.,0.));
#3786=DIRECTION('center_axis',(1.,0.,0.));
#3787=DIRECTION('ref_axis',(0.,1.,0.));
#3788=DIRECTION('center_axis',(-1.,0.,0.));
#3789=DIRECTION('ref_axis',(0.,0.707106781186551,0.707106781186544));
#3790=DIRECTION('',(0.,0.,1.));
#3791=DIRECTION('',(0.,-1.,0.));
#3792=DIRECTION('center_axis',(-1.,0.,0.));
#3793=DIRECTION('ref_axis',(0.,0.707106781186551,0.707106781186544));
#3794=DIRECTION('',(1.,0.,0.));
#3795=DIRECTION('center_axis',(0.,-1.,0.));
#3796=DIRECTION('ref_axis',(1.,0.,0.));
#3797=DIRECTION('',(-1.,0.,0.));
#3798=DIRECTION('center_axis',(0.,0.,-1.));
#3799=DIRECTION('ref_axis',(1.,0.,0.));
#3800=DIRECTION('center_axis',(0.,0.,1.));
#3801=DIRECTION('ref_axis',(1.,0.,0.));
#3802=DIRECTION('center_axis',(0.,0.,1.));
#3803=DIRECTION('ref_axis',(1.,0.,0.));
#3804=DIRECTION('center_axis',(0.,0.,-1.));
#3805=DIRECTION('ref_axis',(1.,0.,0.));
#3806=DIRECTION('',(0.,0.,-1.));
#3807=DIRECTION('center_axis',(0.,0.,-1.));
#3808=DIRECTION('ref_axis',(1.,0.,0.));
#3809=DIRECTION('',(0.,0.,-1.));
#3810=DIRECTION('center_axis',(0.,-1.,0.));
#3811=DIRECTION('ref_axis',(-1.,0.,0.));
#3812=DIRECTION('',(1.,0.,0.));
#3813=DIRECTION('',(-1.,0.,0.));
#3814=DIRECTION('center_axis',(0.,0.,1.));
#3815=DIRECTION('ref_axis',(1.,0.,0.));
#3816=DIRECTION('center_axis',(0.,-0.999390827019096,-0.0348994967025005));
#3817=DIRECTION('ref_axis',(1.,0.,0.));
#3818=DIRECTION('center_axis',(0.,0.,-1.));
#3819=DIRECTION('ref_axis',(1.,0.,0.));
#3820=CARTESIAN_POINT('',(0.,0.,0.));
#3821=CARTESIAN_POINT('Origin',(98.9999999999971,-6.99999999999998,-32.4999999106));
#3822=CARTESIAN_POINT('',(124.999999999997,-6.99999999999998,-30.9999999106));
#3823=CARTESIAN_POINT('',(123.1,-6.99999999999998,-30.9999999106));
#3824=CARTESIAN_POINT('',(49.4999999999985,-6.99999999999998,-30.9999999106));
#3825=CARTESIAN_POINT('',(124.999999999997,-6.99999999999998,-32.4999999106));
#3826=CARTESIAN_POINT('',(125.,-6.99999999999998,-31.7499999106));
#3827=CARTESIAN_POINT('',(98.9999999999971,-6.99999999999998,-32.4999999106));
#3828=CARTESIAN_POINT('',(49.4999999999985,-6.99999999999998,-32.4999999106));
#3829=CARTESIAN_POINT('',(98.9999999999971,-6.99999999999998,-30.9999999106));
#3830=CARTESIAN_POINT('',(98.9999999999971,-6.99999999999998,-32.4999999106));
#3831=CARTESIAN_POINT('',(120.1,-6.99999999999998,-30.9999999106));
#3832=CARTESIAN_POINT('',(49.4999999999985,-6.99999999999998,-30.9999999106));
#3833=CARTESIAN_POINT('',(120.1,-6.99999999999998,-28.9999999106));
#3834=CARTESIAN_POINT('',(120.1,-6.99999999999998,-31.7499999106));
#3835=CARTESIAN_POINT('',(121.1,-6.99999999999998,-28.9999999106));
#3836=CARTESIAN_POINT('',(49.4999999999985,-6.99999999999998,-28.9999999106));
#3837=CARTESIAN_POINT('Origin',(121.1,-6.99999999999998,-30.9999999106));
#3838=CARTESIAN_POINT('Origin',(98.9999999999971,-1.24999999999998,-32.4999999106));
#3839=CARTESIAN_POINT('',(98.9999999999971,-1.24999999999998,-30.9999999106));
#3840=CARTESIAN_POINT('',(98.9999999999971,-0.500000000000811,-30.9999999106));
#3841=CARTESIAN_POINT('',(98.9999999999971,-1.24999999999998,-32.4999999106));
#3842=CARTESIAN_POINT('',(98.9999999999971,-0.500000000000811,-32.4999999106));
#3843=CARTESIAN_POINT('',(98.9999999999971,-1.24999999999998,-32.4999999106));
#3844=CARTESIAN_POINT('Origin',(124.999999999997,-1.24999999999998,-32.4999999106));
#3845=CARTESIAN_POINT('',(123.1,-1.24999999999998,-30.9999999106));
#3846=CARTESIAN_POINT('',(124.999999999997,-1.24999999999998,-30.9999999106));
#3847=CARTESIAN_POINT('',(62.4999999999985,-1.24999999999998,-30.9999999106));
#3848=CARTESIAN_POINT('',(121.1,-1.24999999999998,-28.9999999106));
#3849=CARTESIAN_POINT('Origin',(121.1,-1.24999999999998,-30.9999999106));
#3850=CARTESIAN_POINT('',(120.1,-1.24999999999998,-28.9999999106));
#3851=CARTESIAN_POINT('',(62.4999999999985,-1.24999999999998,-28.9999999106));
#3852=CARTESIAN_POINT('',(120.1,-1.24999999999998,-30.9999999106));
#3853=CARTESIAN_POINT('',(120.1,-1.24999999999998,-31.7499999106));
#3854=CARTESIAN_POINT('',(62.4999999999985,-1.24999999999998,-30.9999999106));
#3855=CARTESIAN_POINT('',(124.999999999997,-1.24999999999998,-32.4999999106));
#3856=CARTESIAN_POINT('',(62.4999999999985,-1.24999999999998,-32.4999999106));
#3857=CARTESIAN_POINT('',(125.,-1.24999999999998,-31.7499999106));
#3858=CARTESIAN_POINT('Origin',(125.,78.7356106159421,-30.9999999106));
#3859=CARTESIAN_POINT('',(125.,75.7563428149865,-32.4999999106));
#3860=CARTESIAN_POINT('',(125.,39.4928053079703,-32.4999999106));
#3861=CARTESIAN_POINT('',(125.,75.7563428149865,-30.9999999106));
#3862=CARTESIAN_POINT('',(125.,75.7563428149865,-30.9999999106));
#3863=CARTESIAN_POINT('',(125.,39.4928053079703,-30.9999999106));
#3864=CARTESIAN_POINT('Origin',(125.,78.7356106159421,-30.9999999106));
#3865=CARTESIAN_POINT('',(125.,-80.3001115588845,-30.9999999106));
#3866=CARTESIAN_POINT('',(125.,39.4928053079703,-30.9999999106));
#3867=CARTESIAN_POINT('',(125.,-80.3001115588845,-32.4999999106));
#3868=CARTESIAN_POINT('',(125.,-80.3001115588845,-30.9999999106));
#3869=CARTESIAN_POINT('',(125.,39.4928053079703,-32.4999999106));
#3870=CARTESIAN_POINT('Origin',(-5.32907051820075E-14,0.24999999999836,
-30.9999999106));
#3871=CARTESIAN_POINT('',(120.1,22.0582343009708,-30.9999999106));
#3872=CARTESIAN_POINT('',(120.1,-35.8354793742645,-30.9999999106));
#3873=CARTESIAN_POINT('',(120.1,25.5524506756801,-30.9999999106));
#3874=CARTESIAN_POINT('Origin',(119.999436678265,23.8053424883255,-30.9999999106));
#3875=CARTESIAN_POINT('',(120.1,72.4209587485445,-30.9999999106));
#3876=CARTESIAN_POINT('',(120.1,-35.8354793742645,-30.9999999106));
#3877=CARTESIAN_POINT('',(118.457110602652,74.1199991774527,-30.9999999106));
#3878=CARTESIAN_POINT('Origin',(118.4,72.4209587485445,-30.9999999106));
#3879=CARTESIAN_POINT('',(-2.74637607537452E-11,78.1017507943506,-30.9999999106));
#3880=CARTESIAN_POINT('',(60.5355114055132,76.0669436882815,-30.9999999106));
#3881=CARTESIAN_POINT('',(-118.457110602652,74.1199991774564,-30.9999999106));
#3882=CARTESIAN_POINT('',(-1.25656439597754,78.0595133356632,-30.9999999106));
#3883=CARTESIAN_POINT('',(-120.1,72.4209587485481,-30.9999999106));
#3884=CARTESIAN_POINT('Origin',(-118.4,72.4209587485482,-30.9999999106));
#3885=CARTESIAN_POINT('',(-120.099999999998,25.1893875952316,-30.9999999106));
#3886=CARTESIAN_POINT('',(-120.099999999999,36.3354793742708,-30.9999999106));
#3887=CARTESIAN_POINT('',(-120.099999999998,21.6951712205223,-30.9999999106));
#3888=CARTESIAN_POINT('Origin',(-119.999436678263,23.4422794078769,-30.9999999106));
#3889=CARTESIAN_POINT('',(-120.099999999994,-71.9209587485697,-30.9999999106));
#3890=CARTESIAN_POINT('',(-120.099999999999,36.3354793742708,-30.9999999106));
#3891=CARTESIAN_POINT('',(-118.457110602646,-73.6199991774779,-30.9999999106));
#3892=CARTESIAN_POINT('Origin',(-118.399999999994,-71.9209587485696,-30.9999999106));
#3893=CARTESIAN_POINT('',(9.75478257358637E-11,-77.6017507943539,-30.9999999106));
#3894=CARTESIAN_POINT('',(-60.5355114055024,-75.5669436882951,-30.9999999106));
#3895=CARTESIAN_POINT('',(118.457110602653,-73.6199991774356,-30.9999999106));
#3896=CARTESIAN_POINT('',(1.25656439602131,-77.5595133356671,-30.9999999106));
#3897=CARTESIAN_POINT('',(120.1,-71.9209587485274,-30.9999999106));
#3898=CARTESIAN_POINT('Origin',(118.4,-71.9209587485274,-30.9999999106));
#3899=CARTESIAN_POINT('',(120.1,-35.8354793742645,-30.9999999106));
#3900=CARTESIAN_POINT('Origin',(121.1,-35.8354793742645,-30.9999999106));
#3901=CARTESIAN_POINT('',(123.1,72.4209587485445,-30.9999999106));
#3902=CARTESIAN_POINT('',(123.1,-35.8354793742645,-30.9999999106));
#3903=CARTESIAN_POINT('',(121.1,72.4209587485445,-28.9999999106));
#3904=CARTESIAN_POINT('Origin',(121.1,72.4209587485445,-30.9999999106));
#3905=CARTESIAN_POINT('',(121.1,25.1659527833222,-28.9999999106));
#3906=CARTESIAN_POINT('',(121.1,-35.8354793742645,-28.9999999106));
#3907=CARTESIAN_POINT('',(121.1,22.4447321933288,-28.9999999106));
#3908=CARTESIAN_POINT('Ctrl Pts',(121.1,25.1659527833222,-28.9999999106));
#3909=CARTESIAN_POINT('Ctrl Pts',(121.161785580881,25.1159759866013,-28.9999999106));
#3910=CARTESIAN_POINT('Ctrl Pts',(121.219191607733,25.0623375939487,-29.0029173931108));
#3911=CARTESIAN_POINT('Ctrl Pts',(121.415738347134,24.8550073828584,-29.019630937639));
#3912=CARTESIAN_POINT('Ctrl Pts',(121.541375847875,24.6630215962611,-29.0473954654281));
#3913=CARTESIAN_POINT('Ctrl Pts',(121.708256493714,24.2448010064968,-29.0927763871299));
#3914=CARTESIAN_POINT('Ctrl Pts',(121.749436678265,24.0183249619453,-29.1083783837283));
#3915=CARTESIAN_POINT('Ctrl Pts',(121.749436678265,23.8053424883255,-29.1083783837283));
#3916=CARTESIAN_POINT('Ctrl Pts',(121.749436678265,23.5923600147056,-29.1083783837283));
#3917=CARTESIAN_POINT('Ctrl Pts',(121.708256493714,23.3658839701541,-29.0927763871299));
#3918=CARTESIAN_POINT('Ctrl Pts',(121.541375847875,22.9476633803898,-29.0473954654281));
#3919=CARTESIAN_POINT('Ctrl Pts',(121.415738347134,22.7556775937926,-29.019630937639));
#3920=CARTESIAN_POINT('Ctrl Pts',(121.219191607733,22.5483473827022,-29.0029173931108));
#3921=CARTESIAN_POINT('Ctrl Pts',(121.161785580881,22.4947089900496,-28.9999999106));
#3922=CARTESIAN_POINT('Ctrl Pts',(121.1,22.4447321933288,-28.9999999106));
#3923=CARTESIAN_POINT('',(121.1,-35.8354793742645,-28.9999999106));
#3924=CARTESIAN_POINT('Origin',(121.1,-35.8354793742645,-30.9999999106));
#3925=CARTESIAN_POINT('',(121.1,-71.9209587485274,-28.9999999106));
#3926=CARTESIAN_POINT('',(121.1,-35.8354793742645,-28.9999999106));
#3927=CARTESIAN_POINT('',(123.1,-71.9209587485274,-30.9999999106));
#3928=CARTESIAN_POINT('Origin',(121.1,-71.9209587485274,-30.9999999106));
#3929=CARTESIAN_POINT('',(123.1,-35.8354793742645,-30.9999999106));
#3930=CARTESIAN_POINT('Origin',(-5.32907051820075E-14,0.24999999999836,
-28.9999999106));
#3931=CARTESIAN_POINT('',(120.1,22.0582343009708,-28.9999999106));
#3932=CARTESIAN_POINT('Origin',(119.999436678265,23.8053424883255,-28.9999999106));
#3933=CARTESIAN_POINT('',(120.1,-35.8354793742645,-28.9999999106));
#3934=CARTESIAN_POINT('Origin',(-5.32907051820075E-14,0.24999999999836,
-28.9999999106));
#3935=CARTESIAN_POINT('',(120.1,-71.9209587485274,-28.9999999106));
#3936=CARTESIAN_POINT('',(120.1,-35.8354793742645,-28.9999999106));
#3937=CARTESIAN_POINT('',(118.457110602653,-73.6199991774356,-28.9999999106));
#3938=CARTESIAN_POINT('Origin',(118.4,-71.9209587485274,-28.9999999106));
#3939=CARTESIAN_POINT('',(9.75410608764863E-11,-77.6017507943539,-28.9999999106));
#3940=CARTESIAN_POINT('',(1.25656439602131,-77.5595133356671,-28.9999999106));
#3941=CARTESIAN_POINT('',(-118.457110602646,-73.6199991774779,-28.9999999106));
#3942=CARTESIAN_POINT('',(-60.5355114055024,-75.5669436882951,-28.9999999106));
#3943=CARTESIAN_POINT('',(-120.099999999994,-71.9209587485697,-28.9999999106));
#3944=CARTESIAN_POINT('Origin',(-118.399999999994,-71.9209587485696,-28.9999999106));
#3945=CARTESIAN_POINT('',(-120.099999999998,21.6951712205223,-28.9999999106));
#3946=CARTESIAN_POINT('',(-120.099999999999,36.3354793742708,-28.9999999106));
#3947=CARTESIAN_POINT('',(-121.099999999998,22.0816691128802,-28.9999999106));
#3948=CARTESIAN_POINT('Origin',(-119.999436678263,23.4422794078769,-28.9999999106));
#3949=CARTESIAN_POINT('',(-121.099999999994,-71.9209587485697,-28.9999999106));
#3950=CARTESIAN_POINT('',(-121.099999999999,36.3354793742707,-28.9999999106));
#3951=CARTESIAN_POINT('',(-118.490705074795,-74.6194347238945,-28.9999999106));
#3952=CARTESIAN_POINT('Origin',(-118.399999999994,-71.9209587485696,-28.9999999106));
#3953=CARTESIAN_POINT('',(9.79394343403328E-11,-78.6023155667251,-28.9999999106));
#3954=CARTESIAN_POINT('',(-60.5691058776506,-76.5663792347117,-28.9999999106));
#3955=CARTESIAN_POINT('',(118.490705074801,-74.6194347238523,-28.9999999106));
#3956=CARTESIAN_POINT('',(1.29015886816998,-78.5589488820838,-28.9999999106));
#3957=CARTESIAN_POINT('Origin',(118.4,-71.9209587485274,-28.9999999106));
#3958=CARTESIAN_POINT('Origin',(120.1,-71.9209587485274,-30.9999999106));
#3959=CARTESIAN_POINT('',(120.1,22.0582343009708,-30.9999999106));
#3960=CARTESIAN_POINT('Origin',(120.1,-71.9209587485274,-30.9999999106));
#3961=CARTESIAN_POINT('',(120.1,-71.9209587485274,-30.9999999106));
#3962=CARTESIAN_POINT('Origin',(-91.1835079564967,-96.3878887391086,-30.9999999106));
#3963=CARTESIAN_POINT('',(-97.9484495755547,-83.,-30.9999999106));
#3964=CARTESIAN_POINT('',(-97.9484495755547,-83.,-32.4999999106));
#3965=CARTESIAN_POINT('',(-97.9484495755547,-83.,-30.9999999106));
#3966=CARTESIAN_POINT('',(-105.325643580228,-91.3878887391082,-30.9999999106));
#3967=CARTESIAN_POINT('Origin',(-91.1835079564967,-96.3878887391086,-30.9999999106));
#3968=CARTESIAN_POINT('',(-105.325643580228,-91.3878887391082,-32.4999999106));
#3969=CARTESIAN_POINT('',(-105.325643580228,-91.3878887391082,-30.9999999106));
#3970=CARTESIAN_POINT('Origin',(-91.1835079564967,-96.3878887391086,-32.4999999106));
#3971=CARTESIAN_POINT('Origin',(-112.173180037474,-88.8878887391082,-30.9999999106));
#3972=CARTESIAN_POINT('',(-108.173180037474,-88.8878887391082,-32.4999999106));
#3973=CARTESIAN_POINT('Origin',(-112.173180037474,-88.8878887391082,-32.4999999106));
#3974=CARTESIAN_POINT('',(-108.173180037474,-88.8878887391082,-30.9999999106));
#3975=CARTESIAN_POINT('',(-108.173180037474,-88.8878887391082,-30.9999999106));
#3976=CARTESIAN_POINT('Origin',(-112.173180037474,-88.8878887391082,-30.9999999106));
#3977=CARTESIAN_POINT('Origin',(112.173180037474,-88.8878887391082,-30.9999999106));
#3978=CARTESIAN_POINT('',(116.173180037474,-88.8878887391082,-32.4999999106));
#3979=CARTESIAN_POINT('Origin',(112.173180037474,-88.8878887391082,-32.4999999106));
#3980=CARTESIAN_POINT('',(116.173180037474,-88.8878887391082,-30.9999999106));
#3981=CARTESIAN_POINT('',(116.173180037474,-88.8878887391082,-30.9999999106));
#3982=CARTESIAN_POINT('Origin',(112.173180037474,-88.8878887391082,-30.9999999106));
#3983=CARTESIAN_POINT('Origin',(-123.799999999994,-80.3001115588845,-30.9999999106));
#3984=CARTESIAN_POINT('',(-124.999999999994,-80.3001115588845,-30.9999999106));
#3985=CARTESIAN_POINT('',(-123.823123966231,-81.4998887391082,-30.9999999106));
#3986=CARTESIAN_POINT('Origin',(-123.799999999994,-80.3001115588845,-30.9999999106));
#3987=CARTESIAN_POINT('',(-124.999999999994,-80.3001115588845,-32.4999999106));
#3988=CARTESIAN_POINT('',(-124.999999999994,-80.3001115588845,-30.9999999106));
#3989=CARTESIAN_POINT('',(-123.823123966231,-81.4998887391082,-32.4999999106));
#3990=CARTESIAN_POINT('Origin',(-123.799999999994,-80.3001115588845,-32.4999999106));
#3991=CARTESIAN_POINT('',(-123.823123966231,-81.4998887391082,-30.9999999106));
#3992=CARTESIAN_POINT('Origin',(-119.999999999998,-78.2775102481858,-30.9999999106));
#3993=CARTESIAN_POINT('',(-123.675687781578,-81.6671000953914,-30.9999999106));
#3994=CARTESIAN_POINT('Origin',(-119.999999999998,-78.2775102481858,-30.9999999106));
#3995=CARTESIAN_POINT('',(-123.675687781578,-81.6671000953914,-32.4999999106));
#3996=CARTESIAN_POINT('Origin',(-119.999999999998,-78.2775102481858,-32.4999999106));
#3997=CARTESIAN_POINT('',(-123.675687781578,-81.6671000953914,-30.9999999106));
#3998=CARTESIAN_POINT('Origin',(-134.702751126331,-91.8358696370175,-30.9999999106));
#3999=CARTESIAN_POINT('',(-119.832057970174,-89.8705490384121,-30.9999999106));
#4000=CARTESIAN_POINT('Origin',(-134.702751126331,-91.8358696370175,-30.9999999106));
#4001=CARTESIAN_POINT('',(-119.832057970174,-89.8705490384121,-32.4999999106));
#4002=CARTESIAN_POINT('Origin',(-134.702751126331,-91.8358696370175,-32.4999999106));
#4003=CARTESIAN_POINT('',(-119.832057970174,-89.8705490384121,-30.9999999106));
#4004=CARTESIAN_POINT('Origin',(-112.396711392093,-88.8878887391082,-30.9999999106));
#4005=CARTESIAN_POINT('Origin',(-112.396711392093,-88.8878887391082,-30.9999999106));
#4006=CARTESIAN_POINT('Origin',(-112.396711392093,-88.8878887391082,-32.4999999106));
#4007=CARTESIAN_POINT('Origin',(91.1835079564968,-96.3878887391084,-30.9999999106));
#4008=CARTESIAN_POINT('',(97.9484495755544,-83.,-32.4999999106));
#4009=CARTESIAN_POINT('',(97.9484495755544,-83.,-30.9999999106));
#4010=CARTESIAN_POINT('',(97.9484495755544,-83.,-30.9999999106));
#4011=CARTESIAN_POINT('',(105.325643580228,-91.3878887391082,-32.4999999106));
#4012=CARTESIAN_POINT('Origin',(91.1835079564968,-96.3878887391084,-32.4999999106));
#4013=CARTESIAN_POINT('',(105.325643580228,-91.3878887391082,-30.9999999106));
#4014=CARTESIAN_POINT('',(105.325643580228,-91.3878887391082,-30.9999999106));
#4015=CARTESIAN_POINT('Origin',(91.1835079564968,-96.3878887391084,-30.9999999106));
#4016=CARTESIAN_POINT('Origin',(112.396711392093,-88.8878887391082,-30.9999999106));
#4017=CARTESIAN_POINT('',(119.832057970174,-89.870549038414,-30.9999999106));
#4018=CARTESIAN_POINT('Origin',(112.396711392093,-88.8878887391082,-30.9999999106));
#4019=CARTESIAN_POINT('',(119.832057970174,-89.870549038414,-32.4999999106));
#4020=CARTESIAN_POINT('Origin',(112.396711392093,-88.8878887391082,-32.4999999106));
#4021=CARTESIAN_POINT('',(119.832057970174,-89.870549038414,-30.9999999106));
#4022=CARTESIAN_POINT('Origin',(134.702751126336,-91.835869637027,-30.9999999106));
#4023=CARTESIAN_POINT('',(123.675687781583,-81.6671000953917,-30.9999999106));
#4024=CARTESIAN_POINT('Origin',(134.702751126336,-91.835869637027,-30.9999999106));
#4025=CARTESIAN_POINT('',(123.675687781583,-81.6671000953917,-32.4999999106));
#4026=CARTESIAN_POINT('Origin',(134.702751126336,-91.835869637027,-32.4999999106));
#4027=CARTESIAN_POINT('',(123.675687781583,-81.6671000953917,-30.9999999106));
#4028=CARTESIAN_POINT('Origin',(120.000000000041,-78.277510248217,-30.9999999106));
#4029=CARTESIAN_POINT('',(123.823123966236,-81.4998887391082,-30.9999999106));
#4030=CARTESIAN_POINT('Origin',(120.000000000041,-78.277510248217,-30.9999999106));
#4031=CARTESIAN_POINT('',(123.823123966236,-81.4998887391082,-32.4999999106));
#4032=CARTESIAN_POINT('Origin',(120.000000000041,-78.277510248217,-32.4999999106));
#4033=CARTESIAN_POINT('',(123.823123966236,-81.4998887391082,-30.9999999106));
#4034=CARTESIAN_POINT('Origin',(123.8,-80.3001115588845,-30.9999999106));
#4035=CARTESIAN_POINT('Origin',(123.8,-80.3001115588845,-30.9999999106));
#4036=CARTESIAN_POINT('Origin',(123.8,-80.3001115588845,-32.4999999106));
#4037=CARTESIAN_POINT('Origin',(-95.4221614655978,88.3018537413251,-29.9999999106001));
#4038=CARTESIAN_POINT('',(-91.7465242614953,81.7642937114808,-30.9999999106));
#4039=CARTESIAN_POINT('',(-91.4642564422468,81.9312189357393,-30.9743060263059));
#4040=CARTESIAN_POINT('Ctrl Pts',(-91.4642564422471,81.9312189357398,-30.974306026306));
#4041=CARTESIAN_POINT('Ctrl Pts',(-91.4919421786566,81.9140185281581,-30.9788384218356));
#4042=CARTESIAN_POINT('Ctrl Pts',(-91.5199549076121,81.8968649084732,-30.9830059360592));
#4043=CARTESIAN_POINT('Ctrl Pts',(-91.6090787621148,81.8431051194111,-30.994316598729));
#4044=CARTESIAN_POINT('Ctrl Pts',(-91.6757393946888,81.8040913559742,-30.9999999106011));
#4045=CARTESIAN_POINT('Ctrl Pts',(-91.7465242614956,81.7642937114807,-30.9999999106011));
#4046=CARTESIAN_POINT('',(-91.4642473860857,81.9312192401473,-32.4999999106));
#4047=CARTESIAN_POINT('',(-91.4642473860857,81.9312192401474,-29.9999999106));
#4048=CARTESIAN_POINT('',(-98.9433474071801,81.679826139087,-32.4999999106));
#4049=CARTESIAN_POINT('Origin',(-95.4221614655978,88.3018537413251,-32.4999999106));
#4050=CARTESIAN_POINT('',(-98.9433474071801,81.679826139087,-30.9999999106));
#4051=CARTESIAN_POINT('',(-98.9433474071801,81.679826139087,-29.9999999106001));
#4052=CARTESIAN_POINT('Origin',(-95.4221614655978,88.3018537413251,-30.9999999106));
#4053=CARTESIAN_POINT('Origin',(-5.32907051820075E-14,0.24999999999836,
-32.4999999106));
#4054=CARTESIAN_POINT('',(-124.999997206032,-83.,-32.4999992735684));
#4055=CARTESIAN_POINT('',(-125.,75.7563428149897,-32.4999999106));
#4056=CARTESIAN_POINT('',(-124.999999999995,-43.1689443695574,-32.4999999106));
#4057=CARTESIAN_POINT('',(-123.642708649323,79.1813499239098,-32.4999999106));
#4058=CARTESIAN_POINT('Origin',(-120.,75.7563428149899,-32.4999999106));
#4059=CARTESIAN_POINT('',(-119.788085793826,86.9126853790112,-32.4999999106));
#4060=CARTESIAN_POINT('Origin',(-134.57083459729,89.4563712506694,-32.4999999106));
#4061=CARTESIAN_POINT('',(-105.564799436067,88.7351887433092,-32.4999999106));
#4062=CARTESIAN_POINT('Origin',(-112.396711392093,85.6408424431821,-32.4999999106));
#4063=CARTESIAN_POINT('Origin',(-91.9009755240155,94.9238813435633,-32.4999999106));
#4064=CARTESIAN_POINT('',(-0.0668661018331917,85.003400123651,-32.4999999106));
#4065=CARTESIAN_POINT('',(-45.7655567439595,83.4673096818992,-32.4999999106));
#4066=CARTESIAN_POINT('',(0.0671889442698426,85.0033892718026,-32.4999999106001));
#4067=CARTESIAN_POINT('Origin',(0.000197442665864764,85.4483748206835,-32.4999999106022));
#4068=CARTESIAN_POINT('',(91.4645702285223,81.9312083882974,-32.4999999106001));
#4069=CARTESIAN_POINT('',(45.7658795863961,83.46729883005,-32.4999999106001));
#4070=CARTESIAN_POINT('',(98.9436764872662,81.6800011288266,-32.4999999106));
#4071=CARTESIAN_POINT('Origin',(95.4223260056402,88.3019412361934,-32.4999999106));
#4072=CARTESIAN_POINT('',(105.564799436067,88.7351887433081,-32.4999999106));
#4073=CARTESIAN_POINT('Origin',(91.9009755240141,94.9238813435601,-32.4999999106));
#4074=CARTESIAN_POINT('',(119.788085793826,86.9126853790097,-32.4999999106));
#4075=CARTESIAN_POINT('Origin',(112.396711392093,85.6408424431821,-32.4999999106));
#4076=CARTESIAN_POINT('',(123.642708649323,79.1813499239061,-32.4999999106));
#4077=CARTESIAN_POINT('Origin',(134.570834597291,89.4563712506649,-32.4999999106));
#4078=CARTESIAN_POINT('Origin',(120.,75.7563428149865,-32.4999999106));
#4079=CARTESIAN_POINT('',(-108.173180037474,85.6408424431821,-32.4999999106));
#4080=CARTESIAN_POINT('',(-116.173180037474,85.6408424431821,-32.4999999106));
#4081=CARTESIAN_POINT('',(-114.173180037474,85.6408424431821,-32.4999999106));
#4082=CARTESIAN_POINT('Origin',(-112.173180037474,85.6408424431821,-32.4999999106));
#4083=CARTESIAN_POINT('',(108.173180037474,85.6408424431821,-32.4999999106));
#4084=CARTESIAN_POINT('',(116.173180037474,85.6408424431821,-32.4999999106));
#4085=CARTESIAN_POINT('',(114.173180037474,85.6408424431821,-32.4999999106));
#4086=CARTESIAN_POINT('Origin',(112.173180037474,85.6408424431821,-32.4999999106));
#4087=CARTESIAN_POINT('Origin',(-110.531850326231,87.2938608326778,-11.2999999106));
#4088=CARTESIAN_POINT('',(-115.45583945996,86.2938608326778,-11.2999999106));
#4089=CARTESIAN_POINT('',(-115.45583945996,87.2938608326778,-10.2999999106));
#4090=CARTESIAN_POINT('Origin',(-115.45583945996,87.2938608326778,-11.2999999106));
#4091=CARTESIAN_POINT('',(-108.890520614988,86.2938608326778,-11.2999999106));
#4092=CARTESIAN_POINT('',(-110.531850326231,86.2938608326778,-11.2999999106));
#4093=CARTESIAN_POINT('',(-108.890520614988,87.2938608326778,-10.2999999106));
#4094=CARTESIAN_POINT('Origin',(-108.890520614988,87.2938608326778,-11.2999999106));
#4095=CARTESIAN_POINT('',(-110.531850326231,87.2938608326778,-10.2999999106));
#4096=CARTESIAN_POINT('Origin',(-112.173180037474,88.96735163793,-10.2999999106));
#4097=CARTESIAN_POINT('',(-108.890520614988,89.4123338081418,-10.2999999106));
#4098=CARTESIAN_POINT('',(-108.890520614988,86.2938608326778,-10.2999999106));
#4099=CARTESIAN_POINT('',(-115.45583945996,89.4123338081418,-10.2999999106));
#4100=CARTESIAN_POINT('Origin',(-112.173180037474,85.6408424431821,-10.2999999106));
#4101=CARTESIAN_POINT('',(-115.45583945996,86.2938608326778,-10.2999999106));
#4102=CARTESIAN_POINT('Origin',(-115.45583945996,86.2938608326778,-12.2999999106));
#4103=CARTESIAN_POINT('',(-115.45583945996,90.6632071368265,-11.2999999106));
#4104=CARTESIAN_POINT('Ctrl Pts',(-115.45583945996,89.4123338081418,-10.2999999106));
#4105=CARTESIAN_POINT('Ctrl Pts',(-115.45583945996,89.5847921619412,-10.2999999106));
#4106=CARTESIAN_POINT('Ctrl Pts',(-115.45583945996,89.7892108067367,-10.3322695608153));
#4107=CARTESIAN_POINT('Ctrl Pts',(-115.45583945996,90.087306868493,-10.441388344158));
#4108=CARTESIAN_POINT('Ctrl Pts',(-115.45583945996,90.2383057005156,-10.5278041994886));
#4109=CARTESIAN_POINT('Ctrl Pts',(-115.45583945996,90.4405736122725,-10.7088897679408));
#4110=CARTESIAN_POINT('Ctrl Pts',(-115.45583945996,90.532580698253,-10.8296344277555));
#4111=CARTESIAN_POINT('Ctrl Pts',(-115.45583945996,90.6329513007236,-11.0496443078094));
#4112=CARTESIAN_POINT('Ctrl Pts',(-115.45583945996,90.6632071368265,-11.1846800796766));
#4113=CARTESIAN_POINT('Ctrl Pts',(-115.45583945996,90.6632071368265,-11.2999999106));
#4114=CARTESIAN_POINT('',(-115.45583945996,89.4123338081418,-12.2999999106));
#4115=CARTESIAN_POINT('Ctrl Pts',(-115.45583945996,90.6632071368265,-11.2999999106));
#4116=CARTESIAN_POINT('Ctrl Pts',(-115.45583945996,90.6632071368265,-11.4153197415234));
#4117=CARTESIAN_POINT('Ctrl Pts',(-115.45583945996,90.6329513007236,-11.5503555133906));
#4118=CARTESIAN_POINT('Ctrl Pts',(-115.45583945996,90.532580698253,-11.7703653934445));
#4119=CARTESIAN_POINT('Ctrl Pts',(-115.45583945996,90.4405736122725,-11.8911100532592));
#4120=CARTESIAN_POINT('Ctrl Pts',(-115.45583945996,90.2383057005156,-12.0721956217114));
#4121=CARTESIAN_POINT('Ctrl Pts',(-115.45583945996,90.087306868493,-12.158611477042));
#4122=CARTESIAN_POINT('Ctrl Pts',(-115.45583945996,89.7892108067367,-12.2677302603847));
#4123=CARTESIAN_POINT('Ctrl Pts',(-115.45583945996,89.5847921619411,-12.2999999106));
#4124=CARTESIAN_POINT('Ctrl Pts',(-115.45583945996,89.4123338081418,-12.2999999106));
#4125=CARTESIAN_POINT('',(-115.45583945996,86.2938608326778,-12.2999999106));
#4126=CARTESIAN_POINT('',(-115.45583945996,86.2938608326778,-12.2999999106));
#4127=CARTESIAN_POINT('',(-115.45583945996,86.2938608326778,-12.2999999106));
#4128=CARTESIAN_POINT('Origin',(-108.890520614988,90.6632071368265,-12.2999999106));
#4129=CARTESIAN_POINT('',(-108.890520614988,86.2938608326778,-12.2999999106));
#4130=CARTESIAN_POINT('',(-108.890520614988,86.2938608326778,-12.2999999106));
#4131=CARTESIAN_POINT('',(-108.890520614988,89.4123338081418,-12.2999999106));
#4132=CARTESIAN_POINT('',(-108.890520614988,86.2938608326778,-12.2999999106));
#4133=CARTESIAN_POINT('',(-108.890520614988,90.6632071368265,-11.2999999106));
#4134=CARTESIAN_POINT('Ctrl Pts',(-108.890520614988,89.4123338081418,-12.2999999106));
#4135=CARTESIAN_POINT('Ctrl Pts',(-108.890520614988,89.5847921619412,-12.2999999106));
#4136=CARTESIAN_POINT('Ctrl Pts',(-108.890520614988,89.7892108067367,-12.2677302603847));
#4137=CARTESIAN_POINT('Ctrl Pts',(-108.890520614988,90.087306868493,-12.158611477042));
#4138=CARTESIAN_POINT('Ctrl Pts',(-108.890520614988,90.2383057005157,-12.0721956217114));
#4139=CARTESIAN_POINT('Ctrl Pts',(-108.890520614988,90.4405736122725,-11.8911100532592));
#4140=CARTESIAN_POINT('Ctrl Pts',(-108.890520614988,90.5325806982531,-11.7703653934445));
#4141=CARTESIAN_POINT('Ctrl Pts',(-108.890520614988,90.6329513007236,-11.5503555133906));
#4142=CARTESIAN_POINT('Ctrl Pts',(-108.890520614988,90.6632071368265,-11.4153197415234));
#4143=CARTESIAN_POINT('Ctrl Pts',(-108.890520614988,90.6632071368265,-11.2999999106));
#4144=CARTESIAN_POINT('Ctrl Pts',(-108.890520614988,90.6632071368265,-11.2999999106));
#4145=CARTESIAN_POINT('Ctrl Pts',(-108.890520614988,90.6632071368265,-11.1846800796766));
#4146=CARTESIAN_POINT('Ctrl Pts',(-108.890520614988,90.6329513007236,-11.0496443078094));
#4147=CARTESIAN_POINT('Ctrl Pts',(-108.890520614988,90.5325806982531,-10.8296344277555));
#4148=CARTESIAN_POINT('Ctrl Pts',(-108.890520614988,90.4405736122725,-10.7088897679408));
#4149=CARTESIAN_POINT('Ctrl Pts',(-108.890520614988,90.2383057005157,-10.5278041994886));
#4150=CARTESIAN_POINT('Ctrl Pts',(-108.890520614988,90.087306868493,-10.441388344158));
#4151=CARTESIAN_POINT('Ctrl Pts',(-108.890520614988,89.7892108067367,-10.3322695608153));
#4152=CARTESIAN_POINT('Ctrl Pts',(-108.890520614988,89.5847921619412,-10.2999999106));
#4153=CARTESIAN_POINT('Ctrl Pts',(-108.890520614988,89.4123338081418,-10.2999999106));
#4154=CARTESIAN_POINT('Origin',(-112.173180037474,85.6408424431821,-11.2999999106));
#4155=CARTESIAN_POINT('Origin',(-112.173180037474,85.6408424431821,-12.2999999106));
#4156=CARTESIAN_POINT('Origin',(-108.890520614988,86.2938608326778,-12.2999999106));
#4157=CARTESIAN_POINT('',(-112.173180037474,86.2938608326778,-12.2999999106));
#4158=CARTESIAN_POINT('Origin',(-112.173180037474,88.96735163793,-12.2999999106));
#4159=CARTESIAN_POINT('Origin',(-112.173180037474,85.6408424431821,-12.2999999106));
#4160=CARTESIAN_POINT('Origin',(-116.173180037474,85.6408424431821,-30.9999999106));
#4161=CARTESIAN_POINT('',(-108.173180037474,85.6408424431821,-30.9999999106));
#4162=CARTESIAN_POINT('',(-108.173180037474,85.6408424431821,-30.9999999106));
#4163=CARTESIAN_POINT('',(-116.173180037474,85.6408424431821,-30.9999999106));
#4164=CARTESIAN_POINT('',(-112.173180037474,85.6408424431821,-30.9999999106));
#4165=CARTESIAN_POINT('',(-116.173180037474,85.6408424431821,-30.9999999106));
#4166=CARTESIAN_POINT('Origin',(-116.173180037474,85.6408424431821,-30.9999999106));
#4167=CARTESIAN_POINT('Ctrl Pts',(-116.173180037474,85.6408424431821,-30.9999999106));
#4168=CARTESIAN_POINT('Ctrl Pts',(-115.814509748717,85.9995127319395,-20.7290266766865));
#4169=CARTESIAN_POINT('Ctrl Pts',(-115.45583945996,86.2938608326778,-12.2999999106));
#4170=CARTESIAN_POINT('Ctrl Pts',(-108.173180037474,85.6408424431821,-30.9999999106));
#4171=CARTESIAN_POINT('Ctrl Pts',(-108.531850326231,85.9995127319395,-20.7290266766865));
#4172=CARTESIAN_POINT('Ctrl Pts',(-108.890520614988,86.2938608326778,-12.2999999106));
#4173=CARTESIAN_POINT('Origin',(-112.173180037474,85.6408424431821,-30.9999999106));
#4174=CARTESIAN_POINT('Origin',(-112.173180037474,85.6408424431821,-30.9999999106));
#4175=CARTESIAN_POINT('Origin',(110.531850326231,87.2938608326778,-11.2999999106));
#4176=CARTESIAN_POINT('',(115.45583945996,86.2938608326778,-11.2999999106));
#4177=CARTESIAN_POINT('',(115.45583945996,87.2938608326778,-10.2999999106));
#4178=CARTESIAN_POINT('Origin',(115.45583945996,87.2938608326778,-11.2999999106));
#4179=CARTESIAN_POINT('',(108.890520614988,87.2938608326778,-10.2999999106));
#4180=CARTESIAN_POINT('',(110.531850326231,87.2938608326778,-10.2999999106));
#4181=CARTESIAN_POINT('',(108.890520614988,86.2938608326778,-11.2999999106));
#4182=CARTESIAN_POINT('Origin',(108.890520614988,87.2938608326778,-11.2999999106));
#4183=CARTESIAN_POINT('',(110.531850326231,86.2938608326778,-11.2999999106));
#4184=CARTESIAN_POINT('Origin',(112.173180037474,88.96735163793,-10.2999999106));
#4185=CARTESIAN_POINT('',(115.45583945996,89.4123338081418,-10.2999999106));
#4186=CARTESIAN_POINT('',(115.45583945996,86.2938608326778,-10.2999999106));
#4187=CARTESIAN_POINT('',(108.890520614988,89.4123338081418,-10.2999999106));
#4188=CARTESIAN_POINT('Origin',(112.173180037474,85.6408424431821,-10.2999999106));
#4189=CARTESIAN_POINT('',(108.890520614988,86.2938608326778,-10.2999999106));
#4190=CARTESIAN_POINT('Origin',(115.45583945996,86.2938608326778,-12.2999999106));
#4191=CARTESIAN_POINT('',(115.45583945996,86.2938608326778,-12.2999999106));
#4192=CARTESIAN_POINT('',(115.45583945996,86.2938608326778,-12.2999999106));
#4193=CARTESIAN_POINT('',(115.45583945996,89.4123338081418,-12.2999999106));
#4194=CARTESIAN_POINT('',(115.45583945996,86.2938608326778,-12.2999999106));
#4195=CARTESIAN_POINT('',(115.45583945996,90.6632071368265,-11.2999999106));
#4196=CARTESIAN_POINT('Ctrl Pts',(115.45583945996,90.6632071368265,-11.2999999106));
#4197=CARTESIAN_POINT('Ctrl Pts',(115.45583945996,90.6632071368265,-11.4153197415234));
#4198=CARTESIAN_POINT('Ctrl Pts',(115.45583945996,90.6329513007236,-11.5503555133906));
#4199=CARTESIAN_POINT('Ctrl Pts',(115.45583945996,90.532580698253,-11.7703653934445));
#4200=CARTESIAN_POINT('Ctrl Pts',(115.45583945996,90.4405736122725,-11.8911100532592));
#4201=CARTESIAN_POINT('Ctrl Pts',(115.45583945996,90.2383057005156,-12.0721956217114));
#4202=CARTESIAN_POINT('Ctrl Pts',(115.45583945996,90.087306868493,-12.158611477042));
#4203=CARTESIAN_POINT('Ctrl Pts',(115.45583945996,89.7892108067367,-12.2677302603847));
#4204=CARTESIAN_POINT('Ctrl Pts',(115.45583945996,89.5847921619411,-12.2999999106));
#4205=CARTESIAN_POINT('Ctrl Pts',(115.45583945996,89.4123338081418,-12.2999999106));
#4206=CARTESIAN_POINT('Ctrl Pts',(115.45583945996,89.4123338081418,-10.2999999106));
#4207=CARTESIAN_POINT('Ctrl Pts',(115.45583945996,89.5847921619412,-10.2999999106));
#4208=CARTESIAN_POINT('Ctrl Pts',(115.45583945996,89.7892108067367,-10.3322695608153));
#4209=CARTESIAN_POINT('Ctrl Pts',(115.45583945996,90.087306868493,-10.441388344158));
#4210=CARTESIAN_POINT('Ctrl Pts',(115.45583945996,90.2383057005156,-10.5278041994886));
#4211=CARTESIAN_POINT('Ctrl Pts',(115.45583945996,90.4405736122725,-10.7088897679408));
#4212=CARTESIAN_POINT('Ctrl Pts',(115.45583945996,90.532580698253,-10.8296344277555));
#4213=CARTESIAN_POINT('Ctrl Pts',(115.45583945996,90.6329513007236,-11.0496443078094));
#4214=CARTESIAN_POINT('Ctrl Pts',(115.45583945996,90.6632071368265,-11.1846800796766));
#4215=CARTESIAN_POINT('Ctrl Pts',(115.45583945996,90.6632071368265,-11.2999999106));
#4216=CARTESIAN_POINT('Origin',(108.890520614988,90.6632071368265,-12.2999999106));
#4217=CARTESIAN_POINT('',(108.890520614988,90.6632071368265,-11.2999999106));
#4218=CARTESIAN_POINT('Ctrl Pts',(108.890520614988,90.6632071368265,-11.2999999106));
#4219=CARTESIAN_POINT('Ctrl Pts',(108.890520614988,90.6632071368265,-11.1846800796766));
#4220=CARTESIAN_POINT('Ctrl Pts',(108.890520614988,90.6329513007236,-11.0496443078094));
#4221=CARTESIAN_POINT('Ctrl Pts',(108.890520614988,90.5325806982531,-10.8296344277555));
#4222=CARTESIAN_POINT('Ctrl Pts',(108.890520614988,90.4405736122725,-10.7088897679408));
#4223=CARTESIAN_POINT('Ctrl Pts',(108.890520614988,90.2383057005157,-10.5278041994886));
#4224=CARTESIAN_POINT('Ctrl Pts',(108.890520614988,90.087306868493,-10.441388344158));
#4225=CARTESIAN_POINT('Ctrl Pts',(108.890520614988,89.7892108067367,-10.3322695608153));
#4226=CARTESIAN_POINT('Ctrl Pts',(108.890520614988,89.5847921619412,-10.2999999106));
#4227=CARTESIAN_POINT('Ctrl Pts',(108.890520614988,89.4123338081418,-10.2999999106));
#4228=CARTESIAN_POINT('',(108.890520614988,89.4123338081418,-12.2999999106));
#4229=CARTESIAN_POINT('Ctrl Pts',(108.890520614988,89.4123338081418,-12.2999999106));
#4230=CARTESIAN_POINT('Ctrl Pts',(108.890520614988,89.5847921619412,-12.2999999106));
#4231=CARTESIAN_POINT('Ctrl Pts',(108.890520614988,89.7892108067367,-12.2677302603847));
#4232=CARTESIAN_POINT('Ctrl Pts',(108.890520614988,90.087306868493,-12.158611477042));
#4233=CARTESIAN_POINT('Ctrl Pts',(108.890520614988,90.2383057005157,-12.0721956217114));
#4234=CARTESIAN_POINT('Ctrl Pts',(108.890520614988,90.4405736122725,-11.8911100532592));
#4235=CARTESIAN_POINT('Ctrl Pts',(108.890520614988,90.5325806982531,-11.7703653934445));
#4236=CARTESIAN_POINT('Ctrl Pts',(108.890520614988,90.6329513007236,-11.5503555133906));
#4237=CARTESIAN_POINT('Ctrl Pts',(108.890520614988,90.6632071368265,-11.4153197415234));
#4238=CARTESIAN_POINT('Ctrl Pts',(108.890520614988,90.6632071368265,-11.2999999106));
#4239=CARTESIAN_POINT('',(108.890520614988,86.2938608326778,-12.2999999106));
#4240=CARTESIAN_POINT('',(108.890520614988,86.2938608326778,-12.2999999106));
#4241=CARTESIAN_POINT('',(108.890520614988,86.2938608326778,-12.2999999106));
#4242=CARTESIAN_POINT('Origin',(112.173180037474,85.6408424431821,-11.2999999106));
#4243=CARTESIAN_POINT('Origin',(112.173180037474,85.6408424431821,-12.2999999106));
#4244=CARTESIAN_POINT('Origin',(108.890520614988,86.2938608326778,-12.2999999106));
#4245=CARTESIAN_POINT('',(112.173180037474,86.2938608326778,-12.2999999106));
#4246=CARTESIAN_POINT('Origin',(112.173180037474,88.96735163793,-12.2999999106));
#4247=CARTESIAN_POINT('Origin',(112.173180037474,85.6408424431821,-12.2999999106));
#4248=CARTESIAN_POINT('Origin',(116.173180037474,85.6408424431821,-30.9999999106));
#4249=CARTESIAN_POINT('',(116.173180037474,85.6408424431821,-30.9999999106));
#4250=CARTESIAN_POINT('',(116.173180037474,85.6408424431821,-30.9999999106));
#4251=CARTESIAN_POINT('',(108.173180037474,85.6408424431821,-30.9999999106));
#4252=CARTESIAN_POINT('',(112.173180037474,85.6408424431821,-30.9999999106));
#4253=CARTESIAN_POINT('',(108.173180037474,85.6408424431821,-30.9999999106));
#4254=CARTESIAN_POINT('Origin',(116.173180037474,85.6408424431821,-30.9999999106));
#4255=CARTESIAN_POINT('Ctrl Pts',(108.173180037474,85.6408424431821,-30.9999999106));
#4256=CARTESIAN_POINT('Ctrl Pts',(108.531850326231,85.9995127319395,-20.7290266766865));
#4257=CARTESIAN_POINT('Ctrl Pts',(108.890520614988,86.2938608326778,-12.2999999106));
#4258=CARTESIAN_POINT('Ctrl Pts',(116.173180037474,85.6408424431821,-30.9999999106));
#4259=CARTESIAN_POINT('Ctrl Pts',(115.814509748717,85.9995127319395,-20.7290266766865));
#4260=CARTESIAN_POINT('Ctrl Pts',(115.45583945996,86.2938608326778,-12.2999999106));
#4261=CARTESIAN_POINT('Origin',(112.173180037474,85.6408424431821,-30.9999999106));
#4262=CARTESIAN_POINT('Origin',(112.173180037474,85.6408424431821,-30.9999999106));
#4263=CARTESIAN_POINT('Origin',(-5.32907051820075E-14,0.24999999999836,
-30.9999999106));
#4264=CARTESIAN_POINT('',(118.557894019099,-76.6183058166854,-30.9999999106));
#4265=CARTESIAN_POINT('Origin',(118.4,-71.9209587485274,-30.9999999106));
#4266=CARTESIAN_POINT('',(9.82303457807174E-11,-80.6034451114675,-30.9999999106));
#4267=CARTESIAN_POINT('',(1.35734781246733,-80.557819974917,-30.9999999106));
#4268=CARTESIAN_POINT('',(-118.557894019091,-76.6183058167277,-30.9999999106));
#4269=CARTESIAN_POINT('',(-60.6362948219472,-78.5652503275449,-30.9999999106));
#4270=CARTESIAN_POINT('',(-123.099999999994,-71.9209587485698,-30.9999999106));
#4271=CARTESIAN_POINT('Origin',(-118.399999999994,-71.9209587485696,-30.9999999106));
#4272=CARTESIAN_POINT('',(-123.1,72.420958748548,-30.9999999106));
#4273=CARTESIAN_POINT('',(-123.099999999999,36.3354793742706,-30.9999999106));
#4274=CARTESIAN_POINT('',(-118.557894019098,77.1183058167062,-30.9999999106));
#4275=CARTESIAN_POINT('Origin',(-118.4,72.4209587485482,-30.9999999106));
#4276=CARTESIAN_POINT('',(-2.72849981420359E-11,81.1034451114642,-30.9999999106));
#4277=CARTESIAN_POINT('',(-1.3573478124229,81.0578199749131,-30.9999999106));
#4278=CARTESIAN_POINT('',(118.557894019098,77.1183058167025,-30.9999999106));
#4279=CARTESIAN_POINT('',(60.6362948219586,79.0652503275313,-30.9999999106));
#4280=CARTESIAN_POINT('Origin',(118.4,72.4209587485445,-30.9999999106));
#4281=CARTESIAN_POINT('',(123.642708649323,79.1813499239061,-30.9999999106));
#4282=CARTESIAN_POINT('Origin',(120.,75.7563428149865,-30.9999999106));
#4283=CARTESIAN_POINT('',(119.788085793826,86.9126853790097,-30.9999999106));
#4284=CARTESIAN_POINT('Origin',(134.570834597291,89.4563712506649,-30.9999999106));
#4285=CARTESIAN_POINT('',(105.564799436067,88.7351887433081,-30.9999999106));
#4286=CARTESIAN_POINT('Origin',(112.396711392093,85.6408424431821,-30.9999999106));
#4287=CARTESIAN_POINT('',(98.9436764872662,81.6800011288266,-30.9999999106));
#4288=CARTESIAN_POINT('Origin',(91.9009755240141,94.9238813435601,-30.9999999106));
#4289=CARTESIAN_POINT('',(91.7468450043249,81.7642933863187,-30.9999999106));
#4290=CARTESIAN_POINT('Origin',(95.4223260056402,88.3019412361934,-30.9999999106));
#4291=CARTESIAN_POINT('',(91.134999869222,80.241326270537,-30.9999999106));
#4292=CARTESIAN_POINT('Origin',(90.2758212440253,81.4708839511706,-30.9999999106));
#4293=CARTESIAN_POINT('',(88.1030987578237,79.3426741405658,-30.9999999106));
#4294=CARTESIAN_POINT('Origin',(88.2710711185661,84.3398518726489,-30.9999999106));
#4295=CARTESIAN_POINT('',(-2.52819987167641E-11,82.3041228383096,-30.9999999106));
#4296=CARTESIAN_POINT('',(24.2150917514965,81.4901701743927,-30.9999999106));
#4297=CARTESIAN_POINT('',(-88.1027759153872,79.3426849924157,-30.9999999106));
#4298=CARTESIAN_POINT('',(-24.2149303302776,81.4901756003181,-30.9999999106));
#4299=CARTESIAN_POINT('',(-91.1346770267855,80.241337122387,-30.9999999106));
#4300=CARTESIAN_POINT('Origin',(-88.2707482761294,84.3398627244988,-30.9999999106));
#4301=CARTESIAN_POINT('Origin',(-90.2754984015886,81.4708948030205,-30.9999999106));
#4302=CARTESIAN_POINT('',(-105.564799436067,88.7351887433092,-30.9999999106));
#4303=CARTESIAN_POINT('Origin',(-91.9009755240155,94.9238813435633,-30.9999999106));
#4304=CARTESIAN_POINT('',(-119.788085793826,86.9126853790112,-30.9999999106));
#4305=CARTESIAN_POINT('Origin',(-112.396711392093,85.6408424431821,-30.9999999106));
#4306=CARTESIAN_POINT('',(-123.642708649323,79.1813499239098,-30.9999999106));
#4307=CARTESIAN_POINT('Origin',(-134.57083459729,89.4563712506694,-30.9999999106));
#4308=CARTESIAN_POINT('',(-125.,75.7563428149897,-30.9999999106));
#4309=CARTESIAN_POINT('Origin',(-120.,75.7563428149899,-30.9999999106));
#4310=CARTESIAN_POINT('',(-124.999999999995,-43.1689443695574,-30.9999999106));
#4311=CARTESIAN_POINT('',(-91.9999999999937,-83.0000000000089,-30.9999999106));
#4312=CARTESIAN_POINT('',(-2.66453525910038E-14,-83.,-30.9999999106));
#4313=CARTESIAN_POINT('',(-91.9999999999937,-82.0416422564662,-30.9999999106));
#4314=CARTESIAN_POINT('',(-91.9999999999954,-42.3750000000072,-30.9999999106));
#4315=CARTESIAN_POINT('',(-72.7999999999937,-82.0416422564654,-30.9999999106));
#4316=CARTESIAN_POINT('',(-72.7999999999937,-82.0416422564654,-30.9999999106));
#4317=CARTESIAN_POINT('',(-72.7999999999937,-83.0000000000081,-30.9999999106));
#4318=CARTESIAN_POINT('',(-72.7999999999954,-42.3750000000064,-30.9999999106));
#4319=CARTESIAN_POINT('',(-24.5999999999937,-83.,-30.9999999106));
#4320=CARTESIAN_POINT('',(-2.66453525910038E-14,-83.,-30.9999999106));
#4321=CARTESIAN_POINT('',(-24.5999999999937,-82.0416422564709,-30.9999999106));
#4322=CARTESIAN_POINT('',(-24.5999999999954,-42.3741953114988,-30.9999999106));
#4323=CARTESIAN_POINT('',(24.6000000000063,-82.0416422564689,-30.9999999106));
#4324=CARTESIAN_POINT('',(6.2672016361764E-12,-82.0416422564699,-30.9999999106));
#4325=CARTESIAN_POINT('',(24.6000000000063,-83.,-30.9999999106));
#4326=CARTESIAN_POINT('',(24.6000000000046,-42.3741953114968,-30.9999999106));
#4327=CARTESIAN_POINT('',(72.7999999999937,-83.0000000000081,-30.9999999106));
#4328=CARTESIAN_POINT('',(-2.66453525910038E-14,-83.,-30.9999999106));
#4329=CARTESIAN_POINT('',(72.7999999999937,-82.0416422564654,-30.9999999106));
#4330=CARTESIAN_POINT('',(72.7999999999954,-42.3750000000064,-30.9999999106));
#4331=CARTESIAN_POINT('',(91.9999999999937,-82.0416422564662,-30.9999999106));
#4332=CARTESIAN_POINT('',(72.7999999999937,-82.0416422564654,-30.9999999106));
#4333=CARTESIAN_POINT('',(91.9999999999937,-83.0000000000089,-30.9999999106));
#4334=CARTESIAN_POINT('',(91.9999999999954,-42.3750000000072,-30.9999999106));
#4335=CARTESIAN_POINT('',(124.999997206032,-83.,-30.9999999106));
#4336=CARTESIAN_POINT('Origin',(-112.173180037474,85.6408424431821,-30.9999999106));
#4337=CARTESIAN_POINT('Origin',(112.173180037474,85.6408424431821,-30.9999999106));
#4338=CARTESIAN_POINT('Origin',(0.,-83.,-30.));
#4339=CARTESIAN_POINT('',(91.9999999999937,-83.0000000000089,-32.498115822031));
#4340=CARTESIAN_POINT('',(91.9999999999937,-83.,-30.2490579110155));
#4341=CARTESIAN_POINT('',(72.7999999999937,-83.0000000000081,-32.498115822031));
#4342=CARTESIAN_POINT('',(36.3999999999969,-83.,-32.498115822031));
#4343=CARTESIAN_POINT('',(72.7999999999937,-83.,-30.2490579110155));
#4344=CARTESIAN_POINT('',(24.6000000000063,-83.,-32.498115822031));
#4345=CARTESIAN_POINT('',(24.6000000000063,-83.,-30.2490579110155));
#4346=CARTESIAN_POINT('',(-24.5999999999937,-83.,-32.498115822031));
#4347=CARTESIAN_POINT('',(3.15326169519548E-12,-83.,-32.498115822031));
#4348=CARTESIAN_POINT('',(-24.5999999999937,-83.,-30.2490579110155));
#4349=CARTESIAN_POINT('',(-72.7999999999937,-83.0000000000081,-32.498115822031));
#4350=CARTESIAN_POINT('',(-72.7999999999937,-83.,-30.2490579110155));
#4351=CARTESIAN_POINT('',(-91.9999999999937,-83.0000000000089,-32.498115822031));
#4352=CARTESIAN_POINT('',(-36.3999999999969,-83.,-32.498115822031));
#4353=CARTESIAN_POINT('',(-91.9999999999937,-83.,-30.2490579110155));
#4354=CARTESIAN_POINT('Origin',(-124.999999999994,-86.5878887391081,-30.9999999106));
#4355=CARTESIAN_POINT('',(-125.,75.7563428149897,-30.9999999106));
#4356=CARTESIAN_POINT('Origin',(-72.7999999999937,-82.0416422564654,-29.9999999106));
#4357=CARTESIAN_POINT('',(-91.9999999999937,-83.0277615043137,-30.1660385477436));
#4358=CARTESIAN_POINT('Origin',(-91.9999999999937,-82.0416422564662,-29.9999999106));
#4359=CARTESIAN_POINT('',(-72.7999999999937,-83.027761504313,-30.1660385477437));
#4360=CARTESIAN_POINT('',(-72.7999999999937,-83.0277615043129,-30.1660385477437));
#4361=CARTESIAN_POINT('Origin',(-72.7999999999937,-82.0416422564654,-29.9999999106));
#4362=CARTESIAN_POINT('Origin',(72.7999999999937,-82.0416422564654,-29.9999999106));
#4363=CARTESIAN_POINT('',(72.7999999999937,-83.027761504313,-30.1660385477437));
#4364=CARTESIAN_POINT('Origin',(72.7999999999937,-82.0416422564654,-29.9999999106));
#4365=CARTESIAN_POINT('',(91.9999999999937,-83.0277615043137,-30.1660385477436));
#4366=CARTESIAN_POINT('',(72.7999999999937,-83.0277615043129,-30.1660385477437));
#4367=CARTESIAN_POINT('Origin',(91.9999999999937,-82.0416422564662,-29.9999999106));
#4368=CARTESIAN_POINT('Origin',(6.2672016361764E-12,-82.0416422564699,-29.9999999106));
#4369=CARTESIAN_POINT('',(-24.5999999999937,-83.0277615043185,-30.1660385477437));
#4370=CARTESIAN_POINT('Origin',(-24.5999999999937,-82.0416422564709,-29.9999999106));
#4371=CARTESIAN_POINT('',(24.6000000000063,-83.0277615043165,-30.1660385477437));
#4372=CARTESIAN_POINT('',(6.30778979927053E-12,-83.0277615043175,-30.1660385477437));
#4373=CARTESIAN_POINT('Origin',(24.6000000000063,-82.0416422564689,-29.9999999106));
#4374=CARTESIAN_POINT('Origin',(-24.5999999999936,-84.998390622995,-30.498115822031));
#4375=CARTESIAN_POINT('',(-24.5999999999936,-85.0000000000137,-32.498115822031));
#4376=CARTESIAN_POINT('',(-24.5999999999937,-82.9967812459763,-32.498115822031));
#4377=CARTESIAN_POINT('Origin',(-24.5999999999936,-85.0000000000137,-30.498115822031));
#4378=CARTESIAN_POINT('',(-24.5999999999937,-84.0000000000137,-30.498115822031));
#4379=CARTESIAN_POINT('Origin',(-24.5999999999936,-85.0000000000137,-30.498115822031));
#4380=CARTESIAN_POINT('Origin',(6.30652339039096E-12,-82.9967812459753,
-32.498115822031));
#4381=CARTESIAN_POINT('',(24.6000000000064,-85.0000000000117,-32.498115822031));
#4382=CARTESIAN_POINT('',(24.6000000000063,-82.9967812459743,-32.498115822031));
#4383=CARTESIAN_POINT('',(6.38896612545879E-12,-85.0000000000127,-32.498115822031));
#4384=CARTESIAN_POINT('Origin',(24.6000000000064,-84.998390622993,-30.498115822031));
#4385=CARTESIAN_POINT('Origin',(24.6000000000064,-85.0000000000117,-30.498115822031));
#4386=CARTESIAN_POINT('',(24.6000000000064,-84.0000000000117,-30.498115822031));
#4387=CARTESIAN_POINT('Origin',(24.6000000000064,-85.0000000000117,-30.498115822031));
#4388=CARTESIAN_POINT('Origin',(6.38896612545879E-12,-85.0000000000127,
-30.498115822031));
#4389=CARTESIAN_POINT('',(6.34780663771659E-12,-84.0000000000127,-30.498115822031));
#4390=CARTESIAN_POINT('Origin',(6.38896612545879E-12,-85.0000000000127,
-30.498115822031));
#4391=CARTESIAN_POINT('Origin',(72.7999999999936,-85.0000000000081,-30.498115822031));
#4392=CARTESIAN_POINT('',(91.9999999999936,-84.0000000000089,-30.498115822031));
#4393=CARTESIAN_POINT('Origin',(91.9999999999936,-85.0000000000089,-30.498115822031));
#4394=CARTESIAN_POINT('',(72.7999999999936,-84.0000000000081,-30.498115822031));
#4395=CARTESIAN_POINT('',(72.7999999999936,-84.0000000000081,-30.498115822031));
#4396=CARTESIAN_POINT('Origin',(72.7999999999936,-85.0000000000081,-30.498115822031));
#4397=CARTESIAN_POINT('Origin',(72.7999999999937,-83.0000000000081,-32.498115822031));
#4398=CARTESIAN_POINT('',(72.7999999999936,-85.0000000000081,-32.498115822031));
#4399=CARTESIAN_POINT('',(72.7999999999938,-80.1036855976128,-32.498115822031));
#4400=CARTESIAN_POINT('',(91.9999999999936,-85.0000000000089,-32.498115822031));
#4401=CARTESIAN_POINT('',(91.9999999999938,-80.1036855976135,-32.498115822031));
#4402=CARTESIAN_POINT('',(72.7999999999936,-85.0000000000081,-32.498115822031));
#4403=CARTESIAN_POINT('Origin',(72.7999999999936,-85.0000000000081,-30.498115822031));
#4404=CARTESIAN_POINT('Origin',(72.7999999999936,-85.0000000000081,-30.498115822031));
#4405=CARTESIAN_POINT('Origin',(91.9999999999936,-85.0000000000089,-30.498115822031));
#4406=CARTESIAN_POINT('Origin',(91.9999999999936,-85.0000000000089,-30.498115822031));
#4407=CARTESIAN_POINT('Origin',(72.7999999999936,-85.0000000000081,-30.498115822031));
#4408=CARTESIAN_POINT('Origin',(-72.7999999999936,-85.0000000000081,-30.498115822031));
#4409=CARTESIAN_POINT('',(-91.9999999999936,-84.0000000000089,-30.498115822031));
#4410=CARTESIAN_POINT('Origin',(-91.9999999999936,-85.0000000000089,-30.498115822031));
#4411=CARTESIAN_POINT('',(-72.7999999999936,-84.0000000000081,-30.498115822031));
#4412=CARTESIAN_POINT('',(-72.7999999999936,-84.0000000000081,-30.498115822031));
#4413=CARTESIAN_POINT('Origin',(-72.7999999999936,-85.0000000000081,-30.498115822031));
#4414=CARTESIAN_POINT('Origin',(-72.7999999999937,-83.0000000000081,-32.498115822031));
#4415=CARTESIAN_POINT('',(-72.7999999999936,-85.0000000000081,-32.498115822031));
#4416=CARTESIAN_POINT('',(-72.7999999999938,-80.1036855976128,-32.498115822031));
#4417=CARTESIAN_POINT('',(-91.9999999999936,-85.0000000000089,-32.498115822031));
#4418=CARTESIAN_POINT('',(-72.7999999999936,-85.0000000000081,-32.498115822031));
#4419=CARTESIAN_POINT('',(-91.9999999999938,-80.1036855976135,-32.498115822031));
#4420=CARTESIAN_POINT('Origin',(-72.7999999999936,-85.0000000000081,-30.498115822031));
#4421=CARTESIAN_POINT('Origin',(-91.9999999999936,-85.0000000000089,-30.498115822031));
#4422=CARTESIAN_POINT('Origin',(-72.7999999999936,-85.0000000000081,-30.498115822031));
#4423=CARTESIAN_POINT('Origin',(-91.9999999999936,-85.0000000000089,-30.498115822031));
#4424=CARTESIAN_POINT('Origin',(-72.7999999999936,-85.0000000000081,-30.498115822031));
#4425=CARTESIAN_POINT('Origin',(-90.2754984015886,81.4708948030205,-29.9999999106011));
#4426=CARTESIAN_POINT('',(-90.5618912766542,81.0610422428093,-29.9999999106011));
#4427=CARTESIAN_POINT('Origin',(-91.1346770267855,80.241337122387,-29.9999999106011));
#4428=CARTESIAN_POINT('',(-90.2922956376628,81.9706125762288,-29.9999999106011));
#4429=CARTESIAN_POINT('Origin',(-90.2754984015886,81.4708948030205,-29.9999999106011));
#4430=CARTESIAN_POINT('Ctrl Pts',(-90.2922956376628,81.9706125762288,-29.9999999106011));
#4431=CARTESIAN_POINT('Ctrl Pts',(-90.4851395140715,81.9641304291226,-30.2728763621297));
#4432=CARTESIAN_POINT('Ctrl Pts',(-90.726707100587,81.9560105102482,-30.5929015688056));
#4433=CARTESIAN_POINT('Ctrl Pts',(-91.1067425461092,81.9432362095583,-30.8447830202855));
#4434=CARTESIAN_POINT('Ctrl Pts',(-91.2379917470345,81.9388244717121,-30.9092296527728));
#4435=CARTESIAN_POINT('Ctrl Pts',(-91.3888334258846,81.9337541631793,-30.9562621977577));
#4436=CARTESIAN_POINT('Ctrl Pts',(-91.425965763873,81.9325060173646,-30.9661591578729));
#4437=CARTESIAN_POINT('Ctrl Pts',(-91.4642564422468,81.9312189357386,-30.9743060263058));
#4438=CARTESIAN_POINT('Origin',(-88.2707482761294,84.3398627244988,-29.9999999106012));
#4439=CARTESIAN_POINT('',(-88.1363703875356,80.3421205388323,-29.9999999106012));
#4440=CARTESIAN_POINT('Origin',(-88.1027759153872,79.3426849924157,-29.9999999106012));
#4441=CARTESIAN_POINT('Origin',(-88.2707482761294,84.3398627244988,-29.9999999106012));
#4442=CARTESIAN_POINT('Origin',(-24.2149303302776,81.4901756003181,-29.9999999106));
#4443=CARTESIAN_POINT('',(-2.54885348938139E-11,83.3046876106808,-29.9999999106));
#4444=CARTESIAN_POINT('',(-24.2485248024261,82.4896111467347,-29.9999999106));
#4445=CARTESIAN_POINT('Origin',(-2.52775578246656E-11,82.3041228383096,
-29.9999999106));
#4446=CARTESIAN_POINT('Origin',(24.2150917514965,81.4901701743927,-29.9999999106));
#4447=CARTESIAN_POINT('',(88.1366932299722,80.3421096869824,-29.9999999106));
#4448=CARTESIAN_POINT('Origin',(88.1030987578237,79.3426741405658,-29.9999999106));
#4449=CARTESIAN_POINT('',(24.248686223645,82.4896057208093,-29.9999999106));
#4450=CARTESIAN_POINT('Origin',(88.2710711185661,84.3398518726489,-29.9999999106022));
#4451=CARTESIAN_POINT('',(90.5622141190908,81.0610313909594,-29.9999999106022));
#4452=CARTESIAN_POINT('Origin',(91.134999869222,80.241326270537,-29.9999999106022));
#4453=CARTESIAN_POINT('Origin',(88.2710711185661,84.3398518726489,-29.9999999106022));
#4454=CARTESIAN_POINT('Origin',(90.2758212440253,81.4708839511706,-29.9999999106022));
#4455=CARTESIAN_POINT('',(90.2926184800995,81.9706017243789,-29.9999999106022));
#4456=CARTESIAN_POINT('',(91.4645792853662,81.9312080838659,-30.9743060264522));
#4457=CARTESIAN_POINT('Ctrl Pts',(91.4645792853662,81.9312080838657,-30.9743060264521));
#4458=CARTESIAN_POINT('Ctrl Pts',(91.4262886067511,81.9324951654998,-30.9661591579911));
#4459=CARTESIAN_POINT('Ctrl Pts',(91.3891562685264,81.9337433113225,-30.9562621978227));
#4460=CARTESIAN_POINT('Ctrl Pts',(91.2383145894712,81.9388136198621,-30.9092296527738));
#4461=CARTESIAN_POINT('Ctrl Pts',(91.1070653885458,81.9432253577084,-30.8447830202865));
#4462=CARTESIAN_POINT('Ctrl Pts',(90.7270299430236,81.9559996583982,-30.5929015688067));
#4463=CARTESIAN_POINT('Ctrl Pts',(90.4854623565081,81.9641195772727,-30.2728763621307));
#4464=CARTESIAN_POINT('Ctrl Pts',(90.2926184800995,81.9706017243789,-29.9999999106022));
#4465=CARTESIAN_POINT('Origin',(90.2758212440253,81.4708839511706,-29.9999999106022));
#4466=CARTESIAN_POINT('Ctrl Pts',(91.7468450043249,81.7642933863187,-30.9999999106022));
#4467=CARTESIAN_POINT('Ctrl Pts',(91.6700176684537,81.8074858952854,-30.9999999106022));
#4468=CARTESIAN_POINT('Ctrl Pts',(91.5973195028259,81.8501610550677,-30.9933047976332));
#4469=CARTESIAN_POINT('Ctrl Pts',(91.5081683202334,81.9042821733242,-30.981185652174));
#4470=CARTESIAN_POINT('Ctrl Pts',(91.4862601513917,81.9177390883278,-30.9778554348607));
#4471=CARTESIAN_POINT('Ctrl Pts',(91.4645792853663,81.9312080838661,-30.9743060264522));
#4472=CARTESIAN_POINT('Origin',(-0.0682487486097607,84.5030712619436,-23.9999999106));
#4473=CARTESIAN_POINT('',(-1.5060143856795E-8,84.9983748635147,-23.9150533379416));
#4474=CARTESIAN_POINT('',(-2.4823068947577E-11,84.5053653375263,-23.4999999106));
#4475=CARTESIAN_POINT('Origin',(-2.44337883259504E-11,84.5053653375263,
-23.9999999106));
#4476=CARTESIAN_POINT('',(-0.0668661018331944,85.0034001236511,-23.9999999106));
#4477=CARTESIAN_POINT('Ctrl Pts',(-1.39620399360912E-8,84.998374864005,
-23.9150533435031));
#4478=CARTESIAN_POINT('Ctrl Pts',(-0.00458965325088554,84.9983768779045,
-23.9159593749598));
#4479=CARTESIAN_POINT('Ctrl Pts',(-0.0091596530121405,84.9984515285097,
-23.9172885524538));
#4480=CARTESIAN_POINT('Ctrl Pts',(-0.0229357845773102,84.9988698750371,
-23.9226747830991));
#4481=CARTESIAN_POINT('Ctrl Pts',(-0.0315719117286864,84.9994431176694,
-23.928202724101));
#4482=CARTESIAN_POINT('Ctrl Pts',(-0.0449406317346866,85.0005983326783,
-23.9403456809473));
#4483=CARTESIAN_POINT('Ctrl Pts',(-0.051355071326362,85.0013174236645,-23.948489776889));
#4484=CARTESIAN_POINT('Ctrl Pts',(-0.062601136969749,85.002721755749,-23.9686725849579));
#4485=CARTESIAN_POINT('Ctrl Pts',(-0.0668661018327699,85.0034001236511,
-23.9855125218553));
#4486=CARTESIAN_POINT('Ctrl Pts',(-0.0668661018327698,85.0034001236511,
-23.9999999106));
#4487=CARTESIAN_POINT('',(-90.2922956376628,81.9706125762289,-23.9999999105999));
#4488=CARTESIAN_POINT('',(-0.0850459846839862,85.0027890351519,-23.9999999106));
#4489=CARTESIAN_POINT('',(-90.2754984015886,81.4708948030206,-23.4999999105999));
#4490=CARTESIAN_POINT('Origin',(-90.2754984015886,81.4708948030206,-23.9999999105999));
#4491=CARTESIAN_POINT('',(-0.0682487486097603,84.5030712619436,-23.4999999106));
#4492=CARTESIAN_POINT('Origin',(45.7490823503219,82.9675810568419,-23.9999999106));
#4493=CARTESIAN_POINT('',(90.2758212440253,81.4708839511707,-23.4999999106));
#4494=CARTESIAN_POINT('',(45.7490823503219,82.9675810568419,-23.4999999106));
#4495=CARTESIAN_POINT('',(90.2926184800995,81.970601724379,-23.9999999106));
#4496=CARTESIAN_POINT('Origin',(90.2758212440253,81.4708839511707,-23.9999999106));
#4497=CARTESIAN_POINT('',(0.0671889442698478,85.0033892718029,-23.9999999106));
#4498=CARTESIAN_POINT('',(45.7658795863961,83.4672988300502,-23.9999999106));
#4499=CARTESIAN_POINT('Ctrl Pts',(0.0671889442697205,85.0033892718028,-23.9999999106));
#4500=CARTESIAN_POINT('Ctrl Pts',(0.0671889442696227,85.0033892718028,-23.9855253071926));
#4501=CARTESIAN_POINT('Ctrl Pts',(0.0629276640234873,85.002712229197,-23.9687002226148));
#4502=CARTESIAN_POINT('Ctrl Pts',(0.0516914192102731,85.0013107129685,-23.9485351266155));
#4503=CARTESIAN_POINT('Ctrl Pts',(0.0452825768602916,85.0005930806657,-23.940398131416));
#4504=CARTESIAN_POINT('Ctrl Pts',(0.0319255756183781,84.9994402990901,-23.9282657294514));
#4505=CARTESIAN_POINT('Ctrl Pts',(0.0232970384490826,84.9988683213972,-23.9227425597091));
#4506=CARTESIAN_POINT('Ctrl Pts',(0.00941083048568792,84.9984474141003,
-23.9173131876087));
#4507=CARTESIAN_POINT('Ctrl Pts',(0.00471364826939684,84.9983727956738,
-23.915959871549));
#4508=CARTESIAN_POINT('Ctrl Pts',(-1.5044839691254E-8,84.9983748640055,
-23.9150533378632));
#4509=CARTESIAN_POINT('Origin',(88.2710711185661,84.339851872649,-23.9999999106001));
#4510=CARTESIAN_POINT('',(90.5622141190908,81.0610313909596,-23.9999999106));
#4511=CARTESIAN_POINT('Origin',(90.2758212440253,81.4708839511707,-23.9999999106));
#4512=CARTESIAN_POINT('',(88.1534904660464,80.8418274601909,-23.4999999106));
#4513=CARTESIAN_POINT('Origin',(88.2710711185661,84.339851872649,-23.4999999106001));
#4514=CARTESIAN_POINT('',(88.1366932299722,80.3421096869826,-23.9999999106));
#4515=CARTESIAN_POINT('Origin',(88.1534904660464,80.8418274601909,-23.9999999106));
#4516=CARTESIAN_POINT('Origin',(88.2710711185661,84.339851872649,-23.9999999106001));
#4517=CARTESIAN_POINT('Origin',(45.7255662198179,82.2679761743503,-23.9999999106));
#4518=CARTESIAN_POINT('',(-2.43781291859178E-11,83.3046876106809,-23.9999999106));
#4519=CARTESIAN_POINT('',(45.7087689837437,81.768258401142,-23.9999999106));
#4520=CARTESIAN_POINT('',(-2.48333471841722E-11,83.8049699968665,-23.4999999106));
#4521=CARTESIAN_POINT('',(45.7255662198179,82.2679761743503,-23.4999999106));
#4522=CARTESIAN_POINT('Origin',(-2.48334686148155E-11,83.8049699968665,
-23.9999999106));
#4523=CARTESIAN_POINT('Origin',(-0.04473261810584,83.803466379452,-23.9999999106));
#4524=CARTESIAN_POINT('',(-88.1531676236098,80.8418383120407,-23.4999999105999));
#4525=CARTESIAN_POINT('',(-0.0447326181058396,83.803466379452,-23.4999999106));
#4526=CARTESIAN_POINT('',(-88.1363703875356,80.3421205388324,-23.9999999105999));
#4527=CARTESIAN_POINT('Origin',(-88.1531676236098,80.8418383120407,-23.9999999105999));
#4528=CARTESIAN_POINT('',(-0.0279353820316145,83.3037486062437,-23.9999999106));
#4529=CARTESIAN_POINT('Origin',(-88.2707482761294,84.3398627244988,-23.9999999106001));
#4530=CARTESIAN_POINT('',(-90.5618912766542,81.0610422428094,-23.9999999106));
#4531=CARTESIAN_POINT('Origin',(-90.2754984015886,81.4708948030206,-23.9999999106));
#4532=CARTESIAN_POINT('Origin',(-88.2707482761294,84.3398627244988,-23.9999999106001));
#4533=CARTESIAN_POINT('Origin',(-88.2707482761294,84.3398627244989,-23.4999999106));
#4534=CARTESIAN_POINT('Origin',(-90.2754984015886,81.4708948030206,-23.9999999106));
#4535=CARTESIAN_POINT('Origin',(-90.2754984015886,81.4708948030206,-23.9999999106));
#4536=CARTESIAN_POINT('Origin',(90.2758212440253,81.4708839511707,-23.9999999106));
#4537=CARTESIAN_POINT('Origin',(90.2758212440253,81.4708839511707,-23.9999999106));
#4538=CARTESIAN_POINT('Origin',(0.000197442665864769,85.4483748206836,-29.9999999106001));
#4539=CARTESIAN_POINT('',(0.0671889442698426,85.0033892718027,-29.9999999106));
#4540=CARTESIAN_POINT('',(-0.0668661018331917,85.003400123651,-29.9999999106));
#4541=CARTESIAN_POINT('Origin',(45.7658795863961,83.4672988300501,-29.9999999106));
#4542=CARTESIAN_POINT('',(90.2926184800995,81.9706017243789,-29.9999999106));
#4543=CARTESIAN_POINT('',(91.4645702285223,81.9312083882974,-29.9999999106));
#4544=CARTESIAN_POINT('Origin',(90.2758212440253,81.4708839511706,-29.9999999106));
#4545=CARTESIAN_POINT('',(90.5622141190908,81.0610313909594,-29.9999999106));
#4546=CARTESIAN_POINT('Origin',(88.2710711185661,84.3398518726489,-29.9999999106001));
#4547=CARTESIAN_POINT('',(88.1366932299722,80.3421096869824,-29.9999999106));
#4548=CARTESIAN_POINT('Origin',(45.7322851142476,82.4678632836336,-23.4999999106));
#4549=CARTESIAN_POINT('Origin',(-90.2754984015886,81.4708948030205,-29.9999999106));
#4550=CARTESIAN_POINT('',(-90.5618912766542,81.0610422428093,-29.9999999106));
#4551=CARTESIAN_POINT('',(-90.2922956376628,81.9706125762288,-29.9999999106));
#4552=CARTESIAN_POINT('Origin',(-45.7655567439595,83.4673096818992,-29.9999999106));
#4553=CARTESIAN_POINT('Origin',(45.7087689837437,81.7682584011418,-29.9999999106));
#4554=CARTESIAN_POINT('',(-2.54885348938139E-11,83.3046876106808,-29.9999999106));
#4555=CARTESIAN_POINT('Origin',(-88.2707482761294,84.3398627244988,-29.9999999106001));
#4556=CARTESIAN_POINT('',(-88.1363703875356,80.3421205388323,-29.9999999106));
#4557=CARTESIAN_POINT('Origin',(-45.7084461413071,81.768269252991,-29.9999999106));
#4558=CARTESIAN_POINT('Origin',(95.4223260056402,88.3019412361934,-29.9999999106002));
#4559=CARTESIAN_POINT('',(98.9436764872662,81.6800011288266,-29.9999999106002));
#4560=CARTESIAN_POINT('Origin',(91.9009755240141,94.9238813435601,-30.9999999106));
#4561=CARTESIAN_POINT('',(105.564799436067,88.7351887433081,-30.9999999106));
#4562=CARTESIAN_POINT('Origin',(-120.1,72.4209587485481,-30.9999999106));
#4563=CARTESIAN_POINT('',(-120.099999999998,21.6951712205223,-30.9999999106));
#4564=CARTESIAN_POINT('',(-120.099999999994,-71.9209587485697,-30.9999999106));
#4565=CARTESIAN_POINT('Origin',(-118.399999999994,-71.9209587485696,-30.9999999106));
#4566=CARTESIAN_POINT('',(-118.457110602646,-73.6199991774779,-30.9999999106));
#4567=CARTESIAN_POINT('Origin',(-118.457110602646,-73.6199991774779,-30.9999999106));
#4568=CARTESIAN_POINT('',(9.76108083250438E-11,-77.6017507943539,-30.9999999106));
#4569=CARTESIAN_POINT('Origin',(-0.100783416347789,-77.6051384722177,-30.9999999106));
#4570=CARTESIAN_POINT('',(118.457110602653,-73.6199991774356,-30.9999999106));
#4571=CARTESIAN_POINT('Origin',(118.4,-71.9209587485274,-30.9999999106));
#4572=CARTESIAN_POINT('Origin',(120.1,-71.9209587485274,-30.9999999106));
#4573=CARTESIAN_POINT('',(120.1,25.5524506756801,-28.9999999106));
#4574=CARTESIAN_POINT('',(120.1,25.5524506756801,-30.9999999106));
#4575=CARTESIAN_POINT('',(120.1,72.4209587485445,-28.9999999106));
#4576=CARTESIAN_POINT('',(120.1,-35.8354793742645,-28.9999999106));
#4577=CARTESIAN_POINT('',(120.1,72.4209587485445,-30.9999999106));
#4578=CARTESIAN_POINT('Origin',(118.4,72.4209587485445,-30.9999999106));
#4579=CARTESIAN_POINT('',(118.457110602652,74.1199991774527,-28.9999999106));
#4580=CARTESIAN_POINT('Origin',(118.4,72.4209587485445,-28.9999999106));
#4581=CARTESIAN_POINT('',(118.457110602652,74.1199991774527,-30.9999999106));
#4582=CARTESIAN_POINT('Origin',(118.457110602652,74.1199991774527,-30.9999999106));
#4583=CARTESIAN_POINT('',(-2.74637488676769E-11,78.1017507943506,-28.9999999106));
#4584=CARTESIAN_POINT('',(60.5355114055132,76.0669436882815,-28.9999999106));
#4585=CARTESIAN_POINT('',(-2.75335310107039E-11,78.1017507943506,-30.9999999106));
#4586=CARTESIAN_POINT('Origin',(0.100783416418069,78.1051384722143,-30.9999999106));
#4587=CARTESIAN_POINT('',(-118.457110602652,74.1199991774564,-28.9999999106));
#4588=CARTESIAN_POINT('',(-1.25656439597754,78.0595133356632,-28.9999999106));
#4589=CARTESIAN_POINT('',(-118.457110602652,74.1199991774564,-30.9999999106));
#4590=CARTESIAN_POINT('Origin',(-118.4,72.4209587485482,-30.9999999106));
#4591=CARTESIAN_POINT('',(-120.1,72.4209587485481,-28.9999999106));
#4592=CARTESIAN_POINT('Origin',(-118.4,72.4209587485482,-28.9999999106));
#4593=CARTESIAN_POINT('',(-120.1,72.4209587485481,-30.9999999106));
#4594=CARTESIAN_POINT('Origin',(-120.1,72.4209587485481,-30.9999999106));
#4595=CARTESIAN_POINT('',(-120.099999999998,25.1893875952316,-28.9999999106));
#4596=CARTESIAN_POINT('',(-120.099999999998,25.1893875952316,-30.9999999106));
#4597=CARTESIAN_POINT('',(-120.099999999999,36.3354793742708,-28.9999999106));
#4598=CARTESIAN_POINT('Origin',(-119.999436678263,23.4422794078769,-30.9999999106));
#4599=CARTESIAN_POINT('',(-121.099999999998,24.8028897028735,-28.9999999106));
#4600=CARTESIAN_POINT('Ctrl Pts',(-121.099999999998,22.0816691128802,-28.9999999106));
#4601=CARTESIAN_POINT('Ctrl Pts',(-121.161785580879,22.1316459096011,-28.9999999106));
#4602=CARTESIAN_POINT('Ctrl Pts',(-121.219191607731,22.1852843022537,-29.0029173931108));
#4603=CARTESIAN_POINT('Ctrl Pts',(-121.415738347132,22.392614513344,-29.0196309376389));
#4604=CARTESIAN_POINT('Ctrl Pts',(-121.541375847873,22.5846002999412,-29.047395465428));
#4605=CARTESIAN_POINT('Ctrl Pts',(-121.708256493712,23.0028208897055,-29.0927763871299));
#4606=CARTESIAN_POINT('Ctrl Pts',(-121.749436678263,23.229296934257,-29.1083783837283));
#4607=CARTESIAN_POINT('Ctrl Pts',(-121.749436678263,23.4422794078769,-29.1083783837283));
#4608=CARTESIAN_POINT('Ctrl Pts',(-121.749436678263,23.6552618814967,-29.1083783837283));
#4609=CARTESIAN_POINT('Ctrl Pts',(-121.708256493712,23.8817379260482,-29.0927763871299));
#4610=CARTESIAN_POINT('Ctrl Pts',(-121.541375847873,24.2999585158125,-29.047395465428));
#4611=CARTESIAN_POINT('Ctrl Pts',(-121.415738347132,24.4919443024098,-29.0196309376389));
#4612=CARTESIAN_POINT('Ctrl Pts',(-121.219191607731,24.6992745135001,-29.0029173931108));
#4613=CARTESIAN_POINT('Ctrl Pts',(-121.161785580879,24.7529129061527,-28.9999999106));
#4614=CARTESIAN_POINT('Ctrl Pts',(-121.099999999998,24.8028897028735,-28.9999999106));
#4615=CARTESIAN_POINT('Origin',(-119.999436678263,23.4422794078769,-28.9999999106));
#4616=CARTESIAN_POINT('Origin',(119.999436678265,23.8053424883255,-30.9999999106));
#4617=CARTESIAN_POINT('Origin',(119.999436678265,23.8053424883255,-28.9999999106));
#4618=CARTESIAN_POINT('Origin',(-5.32907051820075E-14,0.24999999999836,
-28.9999999106));
#4619=CARTESIAN_POINT('',(-121.1,72.4209587485481,-28.9999999106));
#4620=CARTESIAN_POINT('',(-121.099999999999,36.3354793742707,-28.9999999106));
#4621=CARTESIAN_POINT('',(118.490705074801,75.1194347238693,-28.9999999106));
#4622=CARTESIAN_POINT('Origin',(118.4,72.4209587485445,-28.9999999106));
#4623=CARTESIAN_POINT('',(-2.73114864057789E-11,79.1023155667218,-28.9999999106));
#4624=CARTESIAN_POINT('',(60.5691058776617,77.0663792346981,-28.9999999106));
#4625=CARTESIAN_POINT('',(-118.490705074801,75.119434723873,-28.9999999106));
#4626=CARTESIAN_POINT('',(-1.29015886812599,79.0589488820798,-28.9999999106));
#4627=CARTESIAN_POINT('Origin',(-118.4,72.4209587485482,-28.9999999106));
#4628=CARTESIAN_POINT('Origin',(-118.4,72.4209587485482,-30.9999999106));
#4629=CARTESIAN_POINT('Origin',(-118.490705074801,75.119434723873,-30.9999999106));
#4630=CARTESIAN_POINT('Origin',(-121.1,72.4209587485481,-30.9999999106));
#4631=CARTESIAN_POINT('Origin',(-121.099999999999,36.3354793742707,-30.9999999106));
#4632=CARTESIAN_POINT('Origin',(-121.099999999994,-71.9209587485697,-30.9999999106));
#4633=CARTESIAN_POINT('Origin',(-118.399999999994,-71.9209587485696,-30.9999999106));
#4634=CARTESIAN_POINT('Origin',(-118.490705074795,-74.6194347238945,-30.9999999106));
#4635=CARTESIAN_POINT('Origin',(-60.5691058776506,-76.5663792347117,-30.9999999106));
#4636=CARTESIAN_POINT('Origin',(9.79233361064757E-11,-78.6023155667251,
-30.9999999106));
#4637=CARTESIAN_POINT('Origin',(1.29015886816998,-78.5589488820838,-30.9999999106));
#4638=CARTESIAN_POINT('Origin',(118.490705074801,-74.6194347238523,-30.9999999106));
#4639=CARTESIAN_POINT('Origin',(118.4,-71.9209587485274,-30.9999999106));
#4640=CARTESIAN_POINT('Origin',(118.4,72.4209587485445,-30.9999999106));
#4641=CARTESIAN_POINT('Origin',(118.490705074801,75.1194347238693,-30.9999999106));
#4642=CARTESIAN_POINT('Origin',(60.5691058776617,77.0663792346981,-30.9999999106));
#4643=CARTESIAN_POINT('Origin',(-2.73070455136804E-11,79.1023155667218,
-30.9999999106));
#4644=CARTESIAN_POINT('Origin',(-1.29015886812599,79.0589488820798,-30.9999999106));
#4645=CARTESIAN_POINT('Origin',(120.,75.7563428149865,-30.9999999106));
#4646=CARTESIAN_POINT('',(123.642708649323,79.1813499239061,-30.9999999106));
#4647=CARTESIAN_POINT('Origin',(134.570834597291,89.4563712506649,-30.9999999106));
#4648=CARTESIAN_POINT('',(119.788085793826,86.9126853790097,-30.9999999106));
#4649=CARTESIAN_POINT('Origin',(112.396711392093,85.6408424431821,-30.9999999106));
#4650=CARTESIAN_POINT('Origin',(-91.9009755240155,94.9238813435633,-30.9999999106));
#4651=CARTESIAN_POINT('',(-105.564799436067,88.7351887433092,-30.9999999106));
#4652=CARTESIAN_POINT('Origin',(-112.396711392093,85.6408424431821,-30.9999999106));
#4653=CARTESIAN_POINT('',(-119.788085793826,86.9126853790112,-30.9999999106));
#4654=CARTESIAN_POINT('Origin',(-134.57083459729,89.4563712506694,-30.9999999106));
#4655=CARTESIAN_POINT('',(-123.642708649323,79.1813499239098,-30.9999999106));
#4656=CARTESIAN_POINT('Origin',(-120.,75.7563428149899,-30.9999999106));
#4657=CARTESIAN_POINT('Origin',(112.173180037474,85.6408424431821,-30.9999999106));
#4658=CARTESIAN_POINT('Origin',(-112.173180037474,85.6408424431821,-30.9999999106));
#4659=CARTESIAN_POINT('Origin',(108.890520614988,-89.5409071286038,-12.2999999106));
#4660=CARTESIAN_POINT('',(108.890520614988,-93.9102534327525,-11.2999999106));
#4661=CARTESIAN_POINT('',(108.890520614988,-92.6593801040679,-12.2999999106));
#4662=CARTESIAN_POINT('Ctrl Pts',(108.890520614988,-93.9102534327525,-11.2999999106));
#4663=CARTESIAN_POINT('Ctrl Pts',(108.890520614988,-93.9102534327525,-11.4153197415234));
#4664=CARTESIAN_POINT('Ctrl Pts',(108.890520614988,-93.8799975966496,-11.5503555133906));
#4665=CARTESIAN_POINT('Ctrl Pts',(108.890520614988,-93.7796269941791,-11.7703653934445));
#4666=CARTESIAN_POINT('Ctrl Pts',(108.890520614988,-93.6876199081986,-11.8911100532592));
#4667=CARTESIAN_POINT('Ctrl Pts',(108.890520614988,-93.4853519964417,-12.0721956217114));
#4668=CARTESIAN_POINT('Ctrl Pts',(108.890520614988,-93.3343531644191,-12.158611477042));
#4669=CARTESIAN_POINT('Ctrl Pts',(108.890520614988,-93.0362571026628,-12.2677302603847));
#4670=CARTESIAN_POINT('Ctrl Pts',(108.890520614988,-92.8318384578672,-12.2999999106));
#4671=CARTESIAN_POINT('Ctrl Pts',(108.890520614988,-92.6593801040679,-12.2999999106));
#4672=CARTESIAN_POINT('',(108.890520614988,-92.6593801040679,-10.2999999106));
#4673=CARTESIAN_POINT('Ctrl Pts',(108.890520614988,-92.6593801040678,-10.2999999106));
#4674=CARTESIAN_POINT('Ctrl Pts',(108.890520614988,-92.8318384578672,-10.2999999106));
#4675=CARTESIAN_POINT('Ctrl Pts',(108.890520614988,-93.0362571026628,-10.3322695608153));
#4676=CARTESIAN_POINT('Ctrl Pts',(108.890520614988,-93.3343531644191,-10.441388344158));
#4677=CARTESIAN_POINT('Ctrl Pts',(108.890520614988,-93.4853519964417,-10.5278041994886));
#4678=CARTESIAN_POINT('Ctrl Pts',(108.890520614988,-93.6876199081986,-10.7088897679408));
#4679=CARTESIAN_POINT('Ctrl Pts',(108.890520614988,-93.7796269941791,-10.8296344277555));
#4680=CARTESIAN_POINT('Ctrl Pts',(108.890520614988,-93.8799975966496,-11.0496443078094));
#4681=CARTESIAN_POINT('Ctrl Pts',(108.890520614988,-93.9102534327525,-11.1846800796766));
#4682=CARTESIAN_POINT('Ctrl Pts',(108.890520614988,-93.9102534327525,-11.2999999106));
#4683=CARTESIAN_POINT('',(108.890520614988,-90.5409071286038,-10.2999999106));
#4684=CARTESIAN_POINT('',(108.890520614988,-89.5409071286038,-10.2999999106));
#4685=CARTESIAN_POINT('',(108.890520614988,-89.5409071286038,-11.2999999106));
#4686=CARTESIAN_POINT('Origin',(108.890520614988,-90.5409071286038,-11.2999999106));
#4687=CARTESIAN_POINT('',(108.890520614988,-89.5409071286038,-12.2999999106));
#4688=CARTESIAN_POINT('',(108.890520614988,-89.5409071286038,-12.2999999106));
#4689=CARTESIAN_POINT('',(108.890520614988,-89.5409071286038,-12.2999999106));
#4690=CARTESIAN_POINT('Origin',(112.173180037474,-88.8878887391082,-11.2999999106));
#4691=CARTESIAN_POINT('',(115.45583945996,-93.9102534327525,-11.2999999106));
#4692=CARTESIAN_POINT('',(115.45583945996,-92.6593801040678,-10.2999999106));
#4693=CARTESIAN_POINT('Ctrl Pts',(115.45583945996,-93.9102534327525,-11.2999999106));
#4694=CARTESIAN_POINT('Ctrl Pts',(115.45583945996,-93.9102534327525,-11.1846800796766));
#4695=CARTESIAN_POINT('Ctrl Pts',(115.45583945996,-93.8799975966496,-11.0496443078094));
#4696=CARTESIAN_POINT('Ctrl Pts',(115.45583945996,-93.7796269941791,-10.8296344277555));
#4697=CARTESIAN_POINT('Ctrl Pts',(115.45583945996,-93.6876199081986,-10.7088897679408));
#4698=CARTESIAN_POINT('Ctrl Pts',(115.45583945996,-93.4853519964417,-10.5278041994886));
#4699=CARTESIAN_POINT('Ctrl Pts',(115.45583945996,-93.334353164419,-10.441388344158));
#4700=CARTESIAN_POINT('Ctrl Pts',(115.45583945996,-93.0362571026627,-10.3322695608153));
#4701=CARTESIAN_POINT('Ctrl Pts',(115.45583945996,-92.8318384578672,-10.2999999106));
#4702=CARTESIAN_POINT('Ctrl Pts',(115.45583945996,-92.6593801040678,-10.2999999106));
#4703=CARTESIAN_POINT('Origin',(112.173180037474,-88.8878887391082,-10.2999999106));
#4704=CARTESIAN_POINT('',(115.45583945996,-92.6593801040678,-12.2999999106));
#4705=CARTESIAN_POINT('Origin',(112.173180037474,-88.8878887391082,-12.2999999106));
#4706=CARTESIAN_POINT('Ctrl Pts',(115.45583945996,-92.6593801040678,-12.2999999106));
#4707=CARTESIAN_POINT('Ctrl Pts',(115.45583945996,-92.8318384578672,-12.2999999106));
#4708=CARTESIAN_POINT('Ctrl Pts',(115.45583945996,-93.0362571026627,-12.2677302603847));
#4709=CARTESIAN_POINT('Ctrl Pts',(115.45583945996,-93.334353164419,-12.158611477042));
#4710=CARTESIAN_POINT('Ctrl Pts',(115.45583945996,-93.4853519964417,-12.0721956217114));
#4711=CARTESIAN_POINT('Ctrl Pts',(115.45583945996,-93.6876199081986,-11.8911100532592));
#4712=CARTESIAN_POINT('Ctrl Pts',(115.45583945996,-93.7796269941791,-11.7703653934445));
#4713=CARTESIAN_POINT('Ctrl Pts',(115.45583945996,-93.8799975966496,-11.5503555133906));
#4714=CARTESIAN_POINT('Ctrl Pts',(115.45583945996,-93.9102534327525,-11.4153197415234));
#4715=CARTESIAN_POINT('Ctrl Pts',(115.45583945996,-93.9102534327525,-11.2999999106));
#4716=CARTESIAN_POINT('Origin',(112.173180037474,-92.214397933856,-10.2999999106));
#4717=CARTESIAN_POINT('',(115.45583945996,-90.5409071286038,-10.2999999106));
#4718=CARTESIAN_POINT('',(115.45583945996,-89.5409071286038,-10.2999999106));
#4719=CARTESIAN_POINT('',(113.814509748717,-90.5409071286038,-10.2999999106));
#4720=CARTESIAN_POINT('Origin',(115.45583945996,-93.9102534327525,-12.2999999106));
#4721=CARTESIAN_POINT('',(115.45583945996,-89.5409071286038,-12.2999999106));
#4722=CARTESIAN_POINT('',(115.45583945996,-89.5409071286038,-12.2999999106));
#4723=CARTESIAN_POINT('',(115.45583945996,-89.5409071286038,-11.2999999106));
#4724=CARTESIAN_POINT('',(115.45583945996,-89.5409071286038,-12.2999999106));
#4725=CARTESIAN_POINT('Origin',(115.45583945996,-90.5409071286038,-11.2999999106));
#4726=CARTESIAN_POINT('Origin',(113.814509748717,-90.5409071286038,-11.2999999106));
#4727=CARTESIAN_POINT('',(113.814509748717,-89.5409071286038,-11.2999999106));
#4728=CARTESIAN_POINT('Origin',(115.45583945996,-89.5409071286038,-12.2999999106));
#4729=CARTESIAN_POINT('',(112.173180037474,-89.5409071286038,-12.2999999106));
#4730=CARTESIAN_POINT('Origin',(112.173180037474,-92.214397933856,-12.2999999106));
#4731=CARTESIAN_POINT('Origin',(112.173180037474,-88.8878887391082,-12.2999999106));
#4732=CARTESIAN_POINT('Origin',(112.173180037474,-88.8878887391082,-30.9999999106));
#4733=CARTESIAN_POINT('',(108.173180037474,-88.8878887391082,-32.4999999106));
#4734=CARTESIAN_POINT('',(116.173180037474,-88.8878887391082,-32.4999999106));
#4735=CARTESIAN_POINT('Origin',(112.173180037474,-88.8878887391082,-32.4999999106));
#4736=CARTESIAN_POINT('',(116.173180037474,-88.8878887391082,-30.9999999106));
#4737=CARTESIAN_POINT('',(116.173180037474,-88.8878887391082,-30.9999999106));
#4738=CARTESIAN_POINT('',(108.173180037474,-88.8878887391082,-30.9999999106));
#4739=CARTESIAN_POINT('Origin',(112.173180037474,-88.8878887391082,-30.9999999106));
#4740=CARTESIAN_POINT('',(108.173180037474,-88.8878887391082,-30.9999999106));
#4741=CARTESIAN_POINT('Origin',(108.173180037474,-88.8878887391082,-30.9999999106));
#4742=CARTESIAN_POINT('',(110.173180037474,-88.8878887391081,-32.4999999106));
#4743=CARTESIAN_POINT('',(112.173180037474,-88.8878887391082,-30.9999999106));
#4744=CARTESIAN_POINT('Origin',(112.173180037474,-90.8878887391082,-32.4999999106));
#4745=CARTESIAN_POINT('Origin',(108.173180037474,-88.8878887391082,-30.9999999106));
#4746=CARTESIAN_POINT('Ctrl Pts',(116.173180037474,-88.8878887391081,-30.9999999106));
#4747=CARTESIAN_POINT('Ctrl Pts',(115.814509748717,-89.2465590278655,-20.7290266766865));
#4748=CARTESIAN_POINT('Ctrl Pts',(115.45583945996,-89.5409071286038,-12.2999999106));
#4749=CARTESIAN_POINT('Ctrl Pts',(108.173180037474,-88.8878887391081,-30.9999999106));
#4750=CARTESIAN_POINT('Ctrl Pts',(108.531850326231,-89.2465590278655,-20.7290266766865));
#4751=CARTESIAN_POINT('Ctrl Pts',(108.890520614988,-89.5409071286038,-12.2999999106));
#4752=CARTESIAN_POINT('Origin',(112.173180037474,-88.8878887391082,-30.9999999106));
#4753=CARTESIAN_POINT('Origin',(-108.890520614988,-89.5409071286038,-12.2999999106));
#4754=CARTESIAN_POINT('',(-108.890520614988,-93.9102534327525,-11.2999999106));
#4755=CARTESIAN_POINT('',(-108.890520614988,-92.6593801040679,-12.2999999106));
#4756=CARTESIAN_POINT('Ctrl Pts',(-108.890520614988,-93.9102534327525,-11.2999999106));
#4757=CARTESIAN_POINT('Ctrl Pts',(-108.890520614988,-93.9102534327525,-11.4153197415234));
#4758=CARTESIAN_POINT('Ctrl Pts',(-108.890520614988,-93.8799975966496,-11.5503555133906));
#4759=CARTESIAN_POINT('Ctrl Pts',(-108.890520614988,-93.7796269941791,-11.7703653934445));
#4760=CARTESIAN_POINT('Ctrl Pts',(-108.890520614988,-93.6876199081986,-11.8911100532592));
#4761=CARTESIAN_POINT('Ctrl Pts',(-108.890520614988,-93.4853519964417,-12.0721956217114));
#4762=CARTESIAN_POINT('Ctrl Pts',(-108.890520614988,-93.3343531644191,-12.158611477042));
#4763=CARTESIAN_POINT('Ctrl Pts',(-108.890520614988,-93.0362571026628,-12.2677302603847));
#4764=CARTESIAN_POINT('Ctrl Pts',(-108.890520614988,-92.8318384578672,-12.2999999106));
#4765=CARTESIAN_POINT('Ctrl Pts',(-108.890520614988,-92.6593801040679,-12.2999999106));
#4766=CARTESIAN_POINT('',(-108.890520614988,-89.5409071286038,-12.2999999106));
#4767=CARTESIAN_POINT('',(-108.890520614988,-89.5409071286038,-12.2999999106));
#4768=CARTESIAN_POINT('',(-108.890520614988,-89.5409071286038,-11.2999999106));
#4769=CARTESIAN_POINT('',(-108.890520614988,-89.5409071286038,-12.2999999106));
#4770=CARTESIAN_POINT('',(-108.890520614988,-90.5409071286038,-10.2999999106));
#4771=CARTESIAN_POINT('Origin',(-108.890520614988,-90.5409071286038,-11.2999999106));
#4772=CARTESIAN_POINT('',(-108.890520614988,-92.6593801040679,-10.2999999106));
#4773=CARTESIAN_POINT('',(-108.890520614988,-89.5409071286038,-10.2999999106));
#4774=CARTESIAN_POINT('Ctrl Pts',(-108.890520614988,-92.6593801040678,-10.2999999106));
#4775=CARTESIAN_POINT('Ctrl Pts',(-108.890520614988,-92.8318384578672,-10.2999999106));
#4776=CARTESIAN_POINT('Ctrl Pts',(-108.890520614988,-93.0362571026628,-10.3322695608153));
#4777=CARTESIAN_POINT('Ctrl Pts',(-108.890520614988,-93.3343531644191,-10.441388344158));
#4778=CARTESIAN_POINT('Ctrl Pts',(-108.890520614988,-93.4853519964417,-10.5278041994886));
#4779=CARTESIAN_POINT('Ctrl Pts',(-108.890520614988,-93.6876199081986,-10.7088897679408));
#4780=CARTESIAN_POINT('Ctrl Pts',(-108.890520614988,-93.7796269941791,-10.8296344277555));
#4781=CARTESIAN_POINT('Ctrl Pts',(-108.890520614988,-93.8799975966496,-11.0496443078094));
#4782=CARTESIAN_POINT('Ctrl Pts',(-108.890520614988,-93.9102534327525,-11.1846800796766));
#4783=CARTESIAN_POINT('Ctrl Pts',(-108.890520614988,-93.9102534327525,-11.2999999106));
#4784=CARTESIAN_POINT('Origin',(-112.173180037474,-88.8878887391082,-11.2999999106));
#4785=CARTESIAN_POINT('',(-115.45583945996,-93.9102534327525,-11.2999999106));
#4786=CARTESIAN_POINT('',(-115.45583945996,-92.6593801040678,-10.2999999106));
#4787=CARTESIAN_POINT('Ctrl Pts',(-115.45583945996,-93.9102534327525,-11.2999999106));
#4788=CARTESIAN_POINT('Ctrl Pts',(-115.45583945996,-93.9102534327525,-11.1846800796766));
#4789=CARTESIAN_POINT('Ctrl Pts',(-115.45583945996,-93.8799975966496,-11.0496443078094));
#4790=CARTESIAN_POINT('Ctrl Pts',(-115.45583945996,-93.7796269941791,-10.8296344277555));
#4791=CARTESIAN_POINT('Ctrl Pts',(-115.45583945996,-93.6876199081986,-10.7088897679408));
#4792=CARTESIAN_POINT('Ctrl Pts',(-115.45583945996,-93.4853519964417,-10.5278041994886));
#4793=CARTESIAN_POINT('Ctrl Pts',(-115.45583945996,-93.334353164419,-10.441388344158));
#4794=CARTESIAN_POINT('Ctrl Pts',(-115.45583945996,-93.0362571026627,-10.3322695608153));
#4795=CARTESIAN_POINT('Ctrl Pts',(-115.45583945996,-92.8318384578672,-10.2999999106));
#4796=CARTESIAN_POINT('Ctrl Pts',(-115.45583945996,-92.6593801040678,-10.2999999106));
#4797=CARTESIAN_POINT('',(-115.45583945996,-92.6593801040678,-12.2999999106));
#4798=CARTESIAN_POINT('Ctrl Pts',(-115.45583945996,-92.6593801040678,-12.2999999106));
#4799=CARTESIAN_POINT('Ctrl Pts',(-115.45583945996,-92.8318384578672,-12.2999999106));
#4800=CARTESIAN_POINT('Ctrl Pts',(-115.45583945996,-93.0362571026627,-12.2677302603847));
#4801=CARTESIAN_POINT('Ctrl Pts',(-115.45583945996,-93.334353164419,-12.158611477042));
#4802=CARTESIAN_POINT('Ctrl Pts',(-115.45583945996,-93.4853519964417,-12.0721956217114));
#4803=CARTESIAN_POINT('Ctrl Pts',(-115.45583945996,-93.6876199081986,-11.8911100532592));
#4804=CARTESIAN_POINT('Ctrl Pts',(-115.45583945996,-93.7796269941791,-11.7703653934445));
#4805=CARTESIAN_POINT('Ctrl Pts',(-115.45583945996,-93.8799975966496,-11.5503555133906));
#4806=CARTESIAN_POINT('Ctrl Pts',(-115.45583945996,-93.9102534327525,-11.4153197415234));
#4807=CARTESIAN_POINT('Ctrl Pts',(-115.45583945996,-93.9102534327525,-11.2999999106));
#4808=CARTESIAN_POINT('Origin',(-112.173180037474,-88.8878887391082,-12.2999999106));
#4809=CARTESIAN_POINT('Origin',(-112.173180037474,-88.8878887391082,-10.2999999106));
#4810=CARTESIAN_POINT('Origin',(-112.173180037474,-92.214397933856,-10.2999999106));
#4811=CARTESIAN_POINT('',(-115.45583945996,-90.5409071286038,-10.2999999106));
#4812=CARTESIAN_POINT('',(-113.814509748717,-90.5409071286038,-10.2999999106));
#4813=CARTESIAN_POINT('',(-115.45583945996,-89.5409071286038,-10.2999999106));
#4814=CARTESIAN_POINT('Origin',(-115.45583945996,-93.9102534327525,-12.2999999106));
#4815=CARTESIAN_POINT('',(-115.45583945996,-89.5409071286038,-11.2999999106));
#4816=CARTESIAN_POINT('Origin',(-115.45583945996,-90.5409071286038,-11.2999999106));
#4817=CARTESIAN_POINT('',(-115.45583945996,-89.5409071286038,-12.2999999106));
#4818=CARTESIAN_POINT('',(-115.45583945996,-89.5409071286038,-12.2999999106));
#4819=CARTESIAN_POINT('',(-115.45583945996,-89.5409071286038,-12.2999999106));
#4820=CARTESIAN_POINT('Origin',(-113.814509748717,-90.5409071286038,-11.2999999106));
#4821=CARTESIAN_POINT('',(-113.814509748717,-89.5409071286038,-11.2999999106));
#4822=CARTESIAN_POINT('Origin',(-115.45583945996,-89.5409071286038,-12.2999999106));
#4823=CARTESIAN_POINT('',(-112.173180037474,-89.5409071286038,-12.2999999106));
#4824=CARTESIAN_POINT('Origin',(-112.173180037474,-92.214397933856,-12.2999999106));
#4825=CARTESIAN_POINT('Origin',(-112.173180037474,-88.8878887391082,-12.2999999106));
#4826=CARTESIAN_POINT('Origin',(-112.173180037474,-88.8878887391082,-30.9999999106));
#4827=CARTESIAN_POINT('',(-108.173180037474,-88.8878887391082,-32.4999999106));
#4828=CARTESIAN_POINT('',(-116.173180037474,-88.8878887391082,-32.4999999106));
#4829=CARTESIAN_POINT('Origin',(-112.173180037474,-88.8878887391082,-32.4999999106));
#4830=CARTESIAN_POINT('',(-108.173180037474,-88.8878887391082,-30.9999999106));
#4831=CARTESIAN_POINT('',(-108.173180037474,-88.8878887391082,-30.9999999106));
#4832=CARTESIAN_POINT('',(-116.173180037474,-88.8878887391082,-30.9999999106));
#4833=CARTESIAN_POINT('Origin',(-112.173180037474,-88.8878887391082,-30.9999999106));
#4834=CARTESIAN_POINT('',(-116.173180037474,-88.8878887391082,-30.9999999106));
#4835=CARTESIAN_POINT('Origin',(-108.173180037474,-88.8878887391082,-30.9999999106));
#4836=CARTESIAN_POINT('',(-110.173180037474,-88.8878887391081,-32.4999999106));
#4837=CARTESIAN_POINT('',(-112.173180037474,-88.8878887391082,-30.9999999106));
#4838=CARTESIAN_POINT('Origin',(-112.173180037474,-90.8878887391082,-32.4999999106));
#4839=CARTESIAN_POINT('Origin',(-108.173180037474,-88.8878887391082,-30.9999999106));
#4840=CARTESIAN_POINT('Ctrl Pts',(-108.173180037474,-88.8878887391081,-30.9999999106));
#4841=CARTESIAN_POINT('Ctrl Pts',(-108.531850326231,-89.2465590278655,-20.7290266766865));
#4842=CARTESIAN_POINT('Ctrl Pts',(-108.890520614988,-89.5409071286038,-12.2999999106));
#4843=CARTESIAN_POINT('Ctrl Pts',(-116.173180037474,-88.8878887391081,-30.9999999106));
#4844=CARTESIAN_POINT('Ctrl Pts',(-115.814509748717,-89.2465590278655,-20.7290266766865));
#4845=CARTESIAN_POINT('Ctrl Pts',(-115.45583945996,-89.5409071286038,-12.2999999106));
#4846=CARTESIAN_POINT('Origin',(-112.173180037474,-88.8878887391082,-30.9999999106));
#4847=UNCERTAINTY_MEASURE_WITH_UNIT(LENGTH_MEASURE(0.01),#4851,
'DISTANCE_ACCURACY_VALUE',
'Maximum model space distance between geometric entities at asserted c
onnectivities');
#4848=UNCERTAINTY_MEASURE_WITH_UNIT(LENGTH_MEASURE(0.01),#4851,
'DISTANCE_ACCURACY_VALUE',
'Maximum model space distance between geometric entities at asserted c
onnectivities');
#4849=(
GEOMETRIC_REPRESENTATION_CONTEXT(3)
GLOBAL_UNCERTAINTY_ASSIGNED_CONTEXT((#4847))
GLOBAL_UNIT_ASSIGNED_CONTEXT((#4851,#4853,#4854))
REPRESENTATION_CONTEXT('','3D')
);
#4850=(
GEOMETRIC_REPRESENTATION_CONTEXT(3)
GLOBAL_UNCERTAINTY_ASSIGNED_CONTEXT((#4848))
GLOBAL_UNIT_ASSIGNED_CONTEXT((#4851,#4853,#4854))
REPRESENTATION_CONTEXT('','3D')
);
#4851=(
LENGTH_UNIT()
NAMED_UNIT(*)
SI_UNIT(.MILLI.,.METRE.)
);
#4852=(
LENGTH_UNIT()
NAMED_UNIT(*)
SI_UNIT($,.METRE.)
);
#4853=(
NAMED_UNIT(*)
PLANE_ANGLE_UNIT()
SI_UNIT($,.RADIAN.)
);
#4854=(
NAMED_UNIT(*)
SI_UNIT($,.STERADIAN.)
SOLID_ANGLE_UNIT()
);
#4855=SHAPE_DEFINITION_REPRESENTATION(#4856,#4857);
#4856=PRODUCT_DEFINITION_SHAPE('',$,#4859);
#4857=SHAPE_REPRESENTATION('',(#2699),#4849);
#4858=PRODUCT_DEFINITION_CONTEXT('part definition',#4863,'design');
#4859=PRODUCT_DEFINITION('2026-09-01-00-50-24-083',
'Mothbox Front Lid v2',#4860,#4858);
#4860=PRODUCT_DEFINITION_FORMATION('',$,#4865);
#4861=PRODUCT_RELATED_PRODUCT_CATEGORY('Mothbox Front Lid v2',
'Mothbox Front Lid v2',(#4865));
#4862=APPLICATION_PROTOCOL_DEFINITION('international standard',
'automotive_design',2009,#4863);
#4863=APPLICATION_CONTEXT(
'Core Data for Automotive Mechanical Design Process');
#4864=PRODUCT_CONTEXT('part definition',#4863,'mechanical');
#4865=PRODUCT('2026-09-01-00-50-24-083','Mothbox Front Lid v2',$,(#4864));
#4866=PRESENTATION_STYLE_ASSIGNMENT((#4868));
#4867=PRESENTATION_STYLE_ASSIGNMENT((#4869));
#4868=SURFACE_STYLE_USAGE(.BOTH.,#4870);
#4869=SURFACE_STYLE_USAGE(.BOTH.,#4871);
#4870=SURFACE_SIDE_STYLE('',(#4872));
#4871=SURFACE_SIDE_STYLE('',(#4873));
#4872=SURFACE_STYLE_FILL_AREA(#4874);
#4873=SURFACE_STYLE_FILL_AREA(#4875);
#4874=FILL_AREA_STYLE('Steel - Satin',(#4876));
#4875=FILL_AREA_STYLE('Aluminum - Anodized Rough (Red)',(#4877));
#4876=FILL_AREA_STYLE_COLOUR('Steel - Satin',#4878);
#4877=FILL_AREA_STYLE_COLOUR('Aluminum - Anodized Rough (Red)',#4879);
#4878=COLOUR_RGB('Steel - Satin',0.627450980392157,0.627450980392157,0.627450980392157);
#4879=COLOUR_RGB('Aluminum - Anodized Rough (Red)',0.854901960784314,0.349019607843137,
0.349019607843137);
ENDSEC;
END-ISO-10303-21;
